instance_id	dataset_id	source_version	storage_location_or_pointer	acquisition_state	record_count_metadata	readable_or_resolvable_status	notes	status
aesz_cydb_remote_wave2_disposition	aesz_cydb_remote	remote database	https://cydb.mathematik.uni-mainz.de/	COMPLETE_REMOTE		YES	physical_or_columnar_backing_registered	OK
aps_gcicy_type21_supplements_wave3_disposition	aps_gcicy_type21_supplements	10.1103/PhysRevD.107.086004	https://journals.aps.org/prd/supplemental/10.1103/PhysRevD.107.086004	MANUAL_SOURCE_REQUIRED		YES	physical_or_columnar_backing_registered	OK
aps_gcicy_type21_supplements_wave4_native_source	aps_gcicy_type21_supplements	10.1103/PhysRevD.107.086004	raw/wave4_aps_gcicy_type21_supplements/g21N5.mx;raw/wave4_aps_gcicy_type21_supplements/g21N6.mx;normalized/wave4/aps_gcicy_type21_supplements/native_source_manifest.parquet;https://journals.aps.org/prd/supplemental/10.1103/PhysRevD.107.086004/g21N5.mx;https://journals.aps.org/prd/supplemental/10.1103/PhysRevD.107.086004/g21N6.mx	COMPLETE_NATIVE_SOURCE		YES	physical_or_columnar_backing_registered	OK
borcea_voisin_source_registry_wave2_disposition	borcea_voisin_source_registry	source-only search	https://arxiv.org/search/?query=Borcea+Voisin+Calabi-Yau+database&searchtype=all	SOURCE_REGISTRY_ONLY		YES	physical_or_columnar_backing_registered	OK
borcea_voisin_source_registry_wave3_disposition	borcea_voisin_source_registry		urn:hodgecy:wave3:borcea-voisin-source-registry	SOURCE_REGISTRY_ONLY		YES	physical_or_columnar_backing_registered	OK
cicy3_discrete_symmetries_orientifolds_current	cicy3_discrete_symmetries_orientifolds	COMPLETE	raw/cicy3_symmetries/favourable_cicy_orientifold_generator.zip;raw/cicy3_symmetries/non_favourable_orientifolds.zip	COMPLETE_LOCAL		YES	physical_or_columnar_backing_registered	OK
cicy3_divisor_configs_orientifold_current	cicy3_divisor_configs_orientifold	COMPLETE	raw/cicy3_symmetries/DivisorConfigs.zip	COMPLETE_LOCAL		YES	physical_or_columnar_backing_registered	OK
cicy3_divisor_configs_orientifold_current_cicy3_divisor_config_manifest_normalized	cicy3_divisor_configs_orientifold	normalized_source_rows.v1	normalized/current_corpus/cicy3_divisor_configs_orientifold/current_cicy3_divisor_config_manifest.parquet	COMPLETE_COLUMNAR	7821	YES	physical_or_columnar_backing_registered	OK
cicy3_divisor_topology_springer_current	cicy3_divisor_topology_springer	MANUAL_SOURCE_REQUIRED		MANUAL_SOURCE_REQUIRED	57885	YES	descriptor_only_native_remote_manual_or_partial_route_registered	OK
cicy3_divisors_springer_current	cicy3_divisors_springer	COMPLETE	raw/cicy3_divisors/13130_2022_18389_MOESM1_ESM.zip	COMPLETE_LOCAL		YES	physical_or_columnar_backing_registered	OK
cicy3_favorable_current	cicy3_favorable	COMPLETE_LOCAL	raw/cicy3/favourcicylist.m	COMPLETE_LOCAL	7820	YES	physical_or_columnar_backing_registered	OK
cicy3_favorable_current_cicy3_favorable_normalized	cicy3_favorable	normalized_source_rows.v1	normalized/current_corpus/cicy3_favorable/current_cicy3_favorable.parquet	COMPLETE_COLUMNAR	7890	YES	physical_or_columnar_backing_registered	OK
cicy3_fibrations_current	cicy3_fibrations	COMPLETE_LOCAL	raw/cicy3_fibrations/fibrationslist-3.m	COMPLETE_LOCAL	139597	YES	physical_or_columnar_backing_registered	OK
cicy3_fibrations_current_cicy3_fibrations_normalized	cicy3_fibrations	normalized_source_rows.v1	normalized/current_corpus/cicy3_fibrations/current_cicy3_fibrations.parquet	COMPLETE_COLUMNAR	139597	YES	physical_or_columnar_backing_registered	OK
cicy3_orientifold_discrete_symmetry_current	cicy3_orientifold_discrete_symmetry	COMPLETE_NATIVE		COMPLETE_NATIVE		YES	descriptor_only_native_remote_manual_or_partial_route_registered	OK
cicy3_orientifolds_favourable_current	cicy3_orientifolds_favourable	COMPLETE	raw/cicy3_symmetries/favourable_orientifolds.zip	COMPLETE_LOCAL		YES	physical_or_columnar_backing_registered	OK
cicy3_orientifolds_favourable_current_cicy3_orientifold_manifest_normalized	cicy3_orientifolds_favourable	normalized_source_rows.v1	normalized/current_corpus/cicy3_orientifolds_favourable/current_cicy3_orientifold_manifest.parquet	COMPLETE_COLUMNAR	7820	YES	physical_or_columnar_backing_registered	OK
cicy3_quotient_fibrations_current	cicy3_quotient_fibrations	COMPLETE_LOCAL		COMPLETE_LOCAL	20700	YES	descriptor_only_native_remote_manual_or_partial_route_registered	OK
cicy3_quotient_fibrations_current_cicy3_quotient_fibrations_normalized	cicy3_quotient_fibrations	normalized_source_rows.v1	normalized/current_corpus/cicy3_quotient_fibrations/current_cicy3_quotient_fibrations.parquet	COMPLETE_COLUMNAR	20700	YES	physical_or_columnar_backing_registered	OK
cicy3_quotients_current	cicy3_quotients	COMPLETE_LOCAL	raw/cicy3_quotients/cicyquotients.m;raw/cicy3_quotients/cicyquotients.nb	COMPLETE_LOCAL	1695	YES	physical_or_columnar_backing_registered	OK
cicy3_quotients_current_cicy3_free_actions_normalized	cicy3_quotients	normalized_source_rows.v1	normalized/current_corpus/cicy3_quotients/current_cicy3_free_actions.parquet	COMPLETE_COLUMNAR	1695	YES	physical_or_columnar_backing_registered	OK
cicy3_quotients_current_cicy3_quotient_parent_blocks_normalized	cicy3_quotients	normalized_source_rows.v1	normalized/current_corpus/cicy3_quotients/current_cicy3_quotient_parent_blocks.parquet	COMPLETE_COLUMNAR	195	YES	physical_or_columnar_backing_registered	OK
cicy3_standard_current	cicy3_standard	COMPLETE_LOCAL	raw/cicy3/cicylist.m;raw/cicy3/cicylist.txt	COMPLETE_LOCAL	7890	YES	physical_or_columnar_backing_registered	OK
cicy3_standard_current_cicy3_standard_normalized	cicy3_standard	normalized_source_rows.v1	normalized/current_corpus/cicy3_standard/current_cicy3_standard.parquet	COMPLETE_COLUMNAR	7890	YES	physical_or_columnar_backing_registered	OK
cicy3_thraxion_candidates_current	cicy3_thraxion_candidates	COMPLETE	raw/conifold/structured/thraxion_candidates.zip	COMPLETE_LOCAL		YES	physical_or_columnar_backing_registered	OK
cicy3_thraxion_candidates_current_cicy3_thraxion_candidate_manifest_normalized	cicy3_thraxion_candidates	normalized_source_rows.v1	normalized/current_corpus/cicy3_thraxion_candidates/current_cicy3_thraxion_candidate_manifest.parquet	COMPLETE_COLUMNAR	1	YES	physical_or_columnar_backing_registered	OK
cicy3_thraxion_transitions_current	cicy3_thraxion_transitions	COMPLETE	raw/transitions/thraxion_transitions.zip	COMPLETE_LOCAL		YES	physical_or_columnar_backing_registered	OK
cicy3_thraxion_transitions_current_cicy3_thraxion_transition_manifest_normalized	cicy3_thraxion_transitions	normalized_source_rows.v1	normalized/current_corpus/cicy3_thraxion_transitions/current_cicy3_thraxion_transition_manifest.parquet	COMPLETE_COLUMNAR	1	YES	physical_or_columnar_backing_registered	OK
cicy4_core_current	cicy4_core	COMPLETE_LOCAL	raw/cicy4/cicy4fib.zip;raw/cicy4/cicy4folds.m.zip;raw/cicy4/cicy4folds.txt.zip	COMPLETE_LOCAL	921497	YES	physical_or_columnar_backing_registered	OK
cicy4_core_current_cicy4_core_normalized	cicy4_core	normalized_source_rows.v1	normalized/current_corpus/cicy4_core/current_cicy4_core.parquet	COMPLETE_COLUMNAR	921497	YES	physical_or_columnar_backing_registered	OK
cicy4_fibrations_current	cicy4_fibrations	COMPLETE_NATIVE		COMPLETE_NATIVE	921497	YES	descriptor_only_native_remote_manual_or_partial_route_registered	OK
cicy4_fibrations_current_cicy4_fibration_member_ranges_normalized	cicy4_fibrations	normalized_source_rows.v1	normalized/current_corpus/cicy4_fibrations/current_cicy4_fibration_member_ranges.parquet	COMPLETE_COLUMNAR	297	YES	physical_or_columnar_backing_registered	OK
cicy_divisor_topologies_cms_2022_wave2_disposition	cicy_divisor_topologies_cms_2022	Springer article supplement	https://link.springer.com/article/10.1007/JHEP05(2022)101	MANUAL_SOURCE_REQUIRED		YES	physical_or_columnar_backing_registered	OK
cicy_divisor_topologies_cms_2022_wave3_disposition	cicy_divisor_topologies_cms_2022	10.1007/JHEP05(2022)101	rejected/wave3/cicy_divisor_topologies_cms_2022/13130_2022_18389_MOESM1_ESM.zip;https://link.springer.com/article/10.1007/JHEP05%282022%29101	MANUAL_SOURCE_REQUIRED		YES	physical_or_columnar_backing_registered	OK
cicy_divisor_topologies_cms_2022_wave4_normalized	cicy_divisor_topologies_cms_2022	10.1007/JHEP05(2022)101	staged/acquisition_wave4/cicy_divisor_topologies_cms_2022/FavCICY_Divisors_database.m;raw/wave4_cicy_divisor_topologies_cms_2022/13130_2022_18389_MOESM1_ESM.zip;normalized/wave4/cicy_divisor_topologies_cms_2022/divisors.parquet	COMPLETE_COLUMNAR	7820	YES	physical_or_columnar_backing_registered	OK
cicy_gv_invariants_desy_h11_9_repair_wave3_disposition	cicy_gv_invariants_desy_h11_9_repair	https://wwwth.mpp.mpg.de/members/blumenha/GV_CICY_webpage/	https://wwwth.mpp.mpg.de/members/blumenha/GV_CICY_webpage/	MANUAL_SOURCE_REQUIRED		YES	physical_or_columnar_backing_registered	OK
cicy_gv_invariants_desy_h11_9_repair_wave4_source_corrupt	cicy_gv_invariants_desy_h11_9_repair	DESY GVInvariants h11=9	raw/cicy_gv_invariants_desy/CICY-H11=9.zip;https://www.desy.de/~westphal/GV_CICY_webpage/GVInvariants.html	SOURCE_CORRUPT		YES	physical_or_columnar_backing_registered	OK
cicy_gv_invariants_desy_source_integrity	cicy_gv_invariants_desy	DESY GV CICY webpage Wave 2	normalized/wave2/cicy_gv_invariants_desy/cicy_gv_h11_9_source_integrity.parquet	PARTIAL_PUBLIC_CORPUS	1	YES	physical_or_columnar_backing_registered	OK
cicy_gv_invariants_desy_wave2_normalized	cicy_gv_invariants_desy	DESY GV CICY webpage Wave 2	raw/cicy_gv_invariants_desy/CICY-H11=1.zip;raw/cicy_gv_invariants_desy/CICY-H11=2.zip;raw/cicy_gv_invariants_desy/CICY-H11=3.zip;https://www.desy.de/~westphal/GV_CICY_webpage/GVInvariants.html;https://www.desy.de/~westphal/GV_CICY_webpage/GVInvariants.html;https://www.desy.de/~westphal/GV_CICY_webpage/GVInvariants.html	COMPLETE_COLUMNAR	99515615	YES	physical_or_columnar_backing_registered	OK
current_corpus_relationships_current_corpus_relationships_normalized	current_corpus_relationships	normalized_source_rows.v1	normalized/current_corpus/relationships/current_corpus_relationships.parquet	COMPLETE_COLUMNAR	175928	YES	physical_or_columnar_backing_registered	OK
cytools_source_registry_wave2_disposition	cytools_source_registry	current repository	https://github.com/LiamMcAllisterGroup/cytools	SOURCE_REGISTRY_ONLY		YES	physical_or_columnar_backing_registered	OK
cytools_toric_computable_capability_wave3_disposition	cytools_toric_computable_capability	https://github.com/LiamMcAllisterGroup/cytools	https://github.com/LiamMcAllisterGroup/cytools	COMPUTABLE_NOT_PREENUMERATED		YES	physical_or_columnar_backing_registered	OK
double_octics_current	double_octics	PARTIAL_PUBLIC_CORPUS		PARTIAL_PUBLIC_CORPUS		YES	descriptor_only_native_remote_manual_or_partial_route_registered	OK
double_octics_external_current	double_octics_external	COMPLETE	raw/double_octics/cynk_kocel_cynk_2602.19413.pdf;raw/double_octics/cynk_meyer_math.AG-0304121.pdf	COMPLETE_LOCAL		YES	physical_or_columnar_backing_registered	OK
explicit_nodal_conifold_corpus_current	explicit_nodal_conifold_corpus	PARTIAL_PUBLIC_CORPUS		PARTIAL_PUBLIC_CORPUS		YES	descriptor_only_native_remote_manual_or_partial_route_registered	OK
gcicy_fake_weighted_current	gcicy_fake_weighted	COMPLETE	raw/gcicy/CYCI_3_1.jsonl;raw/gcicy/CYCI_3_2.jsonl;raw/gcicy/CYCI_3_3.jsonl	COMPLETE_LOCAL	1752	YES	physical_or_columnar_backing_registered	OK
gcicy_fake_weighted_current_gcicy_fake_weighted_normalized	gcicy_fake_weighted	normalized_source_rows.v1	normalized/current_corpus/gcicy_fake_weighted/current_gcicy_fake_weighted.parquet	COMPLETE_COLUMNAR	1752	YES	physical_or_columnar_backing_registered	OK
gcicy_ml_cui_gao_wang_2023_wave2_disposition	gcicy_ml_cui_gao_wang_2023	APS supplemental MX files	https://doi.org/10.1103/PhysRevD.107.086004	MANUAL_SOURCE_REQUIRED		YES	physical_or_columnar_backing_registered	OK
genuine_gcicy_current	genuine_gcicy	SOURCE_REGISTRY_ONLY		SOURCE_REGISTRY_ONLY	0	YES	descriptor_only_native_remote_manual_or_partial_route_registered	OK
grassmannian_homogeneous_current	grassmannian_homogeneous	SOURCE_REGISTRY_ONLY		SOURCE_REGISTRY_ONLY	0	YES	descriptor_only_native_remote_manual_or_partial_route_registered	OK
grassmannian_homogeneous_source_only_current	grassmannian_homogeneous_source_only	COMPLETE	raw/grassmannian/exceptional_grassmannian_cy_chapter.pdf	COMPLETE_LOCAL		YES	physical_or_columnar_backing_registered	OK
grassmannian_homogeneous_wave2_disposition	grassmannian_homogeneous	source-only search	https://arxiv.org/search/?query=Calabi-Yau+Grassmannian+homogeneous+database&searchtype=all	SOURCE_REGISTRY_ONLY		YES	physical_or_columnar_backing_registered	OK
integral_topology_torsion_source_registry_wave4_disposition	integral_topology_torsion_source_registry	Wave 4 targeted search	https://projecteuclid.org/journals/geometry-and-topology/volume-11/issue-1/Algebraic-topology-of-CalabiYau-threefolds-in-toric-varieties/10.2140/gt.2007.11.597.full;https://arxiv.org/abs/math/0605074	SOURCE_REGISTRY_ONLY		YES	physical_or_columnar_backing_registered	OK
ip_weight_systems_4d_current	ip_weight_systems_4d	COMPLETE_LOCAL	raw/toric_ci/Hodge.K3.gz	COMPLETE_LOCAL	184026	YES	physical_or_columnar_backing_registered	OK
ip_weight_systems_4d_current_ip_weight_systems_4d_normalized	ip_weight_systems_4d	normalized_source_rows.v1	normalized/current_corpus/ip_weight_systems_4d/current_ip_weight_systems_4d.parquet	COMPLETE_COLUMNAR	184026	YES	physical_or_columnar_backing_registered	OK
kreuzer_skarke_current	kreuzer_skarke	COMPLETE_COLUMNAR	raw/kreuzer_skarke/parquet/polytopes-4d-05-vertices.parquet;raw/kreuzer_skarke/parquet/polytopes-4d-06-vertices.parquet;raw/kreuzer_skarke/parquet/polytopes-4d-07-vertices.parquet	COMPLETE_COLUMNAR	473800776	YES	physical_or_columnar_backing_registered	OK
ks_orientifolds_groupofxg_2024_wave2_remote_index	ks_orientifolds_groupofxg_2024	https://github.com/GroupofXG/anewcydatabase/releases/tag/data-v1	raw/ks_orientifolds_groupofxg_2024/README.md;raw/ks_orientifolds_groupofxg_2024/github_release_data-v1.json;normalized/wave2/ks_orientifolds_groupofxg_2024/wave2_ks_orientifold_release_assets.parquet	COMPLETE_REMOTE	135	YES	physical_or_columnar_backing_registered	OK
ml_conifold_pfv_scorer_dataset_wave3_disposition	ml_conifold_pfv_scorer_dataset		urn:hodgecy:wave3:excluded:ml-conifold-pfv-scorer	UNRESOLVED		YES	physical_or_columnar_backing_registered	OK
partialflagvarieties_grassmannian_cy3_table1_wave3_normalized	partialflagvarieties_grassmannian_cy3_table1	9fb7816a8939a58f84d660ecc2cbc368af6b251b	raw/grassmannian_homogeneous_partialflagvarieties/examples/CICY3-1607.07821.jl;normalized/wave3/partialflagvarieties_grassmannian_cy3_table1/records.parquet;https://github.com/HomogeneousTools/PartialFlagVarieties.jl	COMPLETE_COLUMNAR	31	YES	physical_or_columnar_backing_registered	OK
partialflagvarieties_jl_wave3_resource	partialflagvarieties_jl	9fb7816a8939a58f84d660ecc2cbc368af6b251b	raw/grassmannian_homogeneous_partialflagvarieties/README.md;https://github.com/HomogeneousTools/PartialFlagVarieties.jl	COMPUTABLE_NOT_PREENUMERATED		YES	physical_or_columnar_backing_registered	OK
pfaffian_determinantal_cy_source_registry_wave2_disposition	pfaffian_determinantal_cy_source_registry	source-only search	https://arxiv.org/search/?query=Pfaffian+determinantal+Calabi-Yau+database&searchtype=all	SOURCE_REGISTRY_ONLY		YES	physical_or_columnar_backing_registered	OK
pfaffian_determinantal_cy_source_registry_wave3_disposition	pfaffian_determinantal_cy_source_registry		urn:hodgecy:wave3:pfaffian-determinantal-source-registry	SOURCE_REGISTRY_ONLY		YES	physical_or_columnar_backing_registered	OK
pfaffian_determinantal_cy_source_registry_wave4_disposition	pfaffian_determinantal_cy_source_registry	Wave 4 targeted search	https://arxiv.org/abs/1006.0223;https://arxiv.org/abs/1205.3192;https://macaulay2.com/Publications/	SOURCE_REGISTRY_ONLY		YES	physical_or_columnar_backing_registered	OK
picard_fuchs_cyo_current	picard_fuchs_cyo	COMPLETE_LOCAL		COMPLETE_LOCAL	613	YES	descriptor_only_native_remote_manual_or_partial_route_registered	OK
picard_fuchs_cyo_topological_current	picard_fuchs_cyo_topological	COMPLETE	raw/picard_fuchs/CYO_topological_data_operators.txt;raw/picard_fuchs/CYO_topological_data_topological_data.txt;raw/picard_fuchs/cydb_browse.html	COMPLETE_LOCAL	1197	YES	physical_or_columnar_backing_registered	OK
picard_fuchs_cyo_topological_current_cyo_operators_normalized	picard_fuchs_cyo_topological	normalized_source_rows.v1	normalized/current_corpus/picard_fuchs_cyo_topological/current_cyo_operators.parquet	COMPLETE_COLUMNAR	613	YES	physical_or_columnar_backing_registered	OK
picard_fuchs_cyo_topological_current_cyo_topological_normalized	picard_fuchs_cyo_topological	normalized_source_rows.v1	normalized/current_corpus/picard_fuchs_cyo_topological/current_cyo_topological.parquet	COMPLETE_COLUMNAR	584	YES	physical_or_columnar_backing_registered	OK
thraxion_conifold_transition_current	thraxion_conifold_transition	COMPLETE_NATIVE		COMPLETE_NATIVE		YES	descriptor_only_native_remote_manual_or_partial_route_registered	OK
toric_ci_nef_partitions_current	toric_ci_nef_partitions	COMPUTABLE_NOT_PREENUMERATED	raw/toric_ci/Hodge356.K3.gz;raw/toric_ci/Hodge54.K3.gz;raw/toric_ci/alltoric.spec.gz	COMPUTABLE_NOT_PREENUMERATED		YES	physical_or_columnar_backing_registered	OK
toric_ks_fibrations_abbasi_nally_taylor_2026_wave2_remote_index	toric_ks_fibrations_abbasi_nally_taylor_2026	https://zenodo.org/records/18500236	raw/toric_ks_fibrations_abbasi_nally_taylor_2026/fibers-public-main.zip;raw/toric_ks_fibrations_abbasi_nally_taylor_2026/zenodo_record_18500236.json;normalized/wave2/toric_ks_fibrations_abbasi_nally_taylor_2026/wave2_toric_ks_fibration_remote_files.parquet	COMPLETE_REMOTE	5	YES	physical_or_columnar_backing_registered	OK
toric_orientifold_enrichment_current	toric_orientifold_enrichment	COMPLETE_REMOTE		COMPLETE_REMOTE		YES	descriptor_only_native_remote_manual_or_partial_route_registered	OK
toriccy_database_wave3_disposition	toriccy_database	https://www.rossealtman.com/toriccy	https://www.rossealtman.com/toriccy	COMPLETE_NATIVE		YES	physical_or_columnar_backing_registered	OK
toriccy_database_wave4_native_lazy	toriccy_database	Box folder 149107145606	box://149107145606/d_149110408579;box://149107145606/f_879053282973;box://149107145606/f_879053883964	COMPLETE_REMOTE_NATIVE_LAZY	7	YES	physical_or_columnar_backing_registered	OK
twoparameterk3_code_resource_wave3_resource	twoparameterk3_code_resource	1b927e1d9cb65dfbf25f5e101171bd6479aa6c28	raw/k3_fibered_enumerative_twoparameterk3/README.md;https://github.com/bpioline/TwoParameterK3	COMPUTABLE_NOT_PREENUMERATED		YES	physical_or_columnar_backing_registered	OK
twoparameterk3_models_wave3_normalized	twoparameterk3_models	1b927e1d9cb65dfbf25f5e101171bd6479aa6c28	raw/k3_fibered_enumerative_twoparameterk3/dataClean.m;normalized/wave3/twoparameterk3_models/records.parquet;https://github.com/bpioline/TwoParameterK3	COMPLETE_COLUMNAR	39	YES	physical_or_columnar_backing_registered	OK
wave2_source_relationships_normalized	wave2_source_relationships	wave2_permanent_ingest.v1	normalized/wave2/relationships/wave2_source_relationships.parquet	COMPLETE_COLUMNAR	5523	YES	physical_or_columnar_backing_registered	OK
wave3_source_relationships_normalized	wave3_source_relationships	wave3_permanent_ingest.v1	normalized/wave3/wave3_relationships/relationships.parquet	COMPLETE_COLUMNAR	78	YES	physical_or_columnar_backing_registered	OK
wave4_source_relationships_normalized	wave4_source_relationships	wave4_permanent_ingest.v1	normalized/wave4/wave4_relationships/relationships.parquet	COMPLETE_COLUMNAR	65714	YES	physical_or_columnar_backing_registered	OK
weighted_p4_current	weighted_p4	COMPLETE_LOCAL	raw/weighted_p4/res4;raw/weighted_p4/res5;raw/weighted_p4/wp4.spec.gz	COMPLETE_LOCAL	2781	YES	physical_or_columnar_backing_registered	OK
weighted_p4_current_weighted_p4_normalized	weighted_p4	normalized_source_rows.v1	normalized/current_corpus/weighted_p4/current_weighted_p4.parquet	COMPLETE_COLUMNAR	7555	YES	physical_or_columnar_backing_registered	OK
