arrangement_id	classification	historical_factor_count	historical_field_absent	historical_has_parameters	new_parameter_symbols	new_raw_factor_count	new_source_field_absent
1	formatting_or_normalization_difference	8	True	False		8	False
2	normalization_difference_or_substantive_discrepancy	8	True	True	A_{0},A_{1}	8	False
3	formatting_or_normalization_difference	8	True	False		8	False
4	normalization_difference_or_substantive_discrepancy	8	True	True	A_{0},A_{1}	8	False
5	normalization_difference_or_substantive_discrepancy	8	True	True	A_{0},A_{1}	8	False
6	normalization_difference_or_substantive_discrepancy	8	True	True	A_{0},A_{1},A_{2}	8	False
7	normalization_difference_or_substantive_discrepancy	8	True	True	A_{0},A_{1},A_{2},A_{3}	8	False
8	normalization_difference_or_substantive_discrepancy	8	True	True	A_{0},A_{1}	8	False
9	normalization_difference_or_substantive_discrepancy	8	True	True	A_{0},A_{1},A_{2}	8	False
10	normalization_difference_or_substantive_discrepancy	8	True	True	A_{0},A_{1}	8	False
11	normalization_difference_or_substantive_discrepancy	8	True	True	A_{0},A_{1},A_{2}	8	False
12	normalization_difference_or_substantive_discrepancy	8	True	True	A_{0},A_{1},A_{2},A_{3}	8	False
13	normalization_difference_or_substantive_discrepancy	8	True	True	A_{0},A_{1}	8	False
14	normalization_difference_or_substantive_discrepancy	8	True	True	A_{0},A_{1},A_{2}	8	False
15	normalization_difference_or_substantive_discrepancy	8	True	True	A_{0},A_{1},A_{2},A_{3}	8	False
16	normalization_difference_or_substantive_discrepancy	8	True	True	A_{0},A_{1}	8	False
17	normalization_difference_or_substantive_discrepancy	8	True	True	A_{0},A_{1},A_{2}	8	False
18	normalization_difference_or_substantive_discrepancy	8	True	True	A_{0},A_{1},A_{2},A_{3}	8	False
19	formatting_or_normalization_difference	8	True	False		8	False
20	normalization_difference_or_substantive_discrepancy	8	True	True	A_{0},A_{1}	8	False
21	normalization_difference_or_substantive_discrepancy	8	True	True	A_{0},A_{1}	8	False
22	normalization_difference_or_substantive_discrepancy	8	True	True	A_{0},A_{1},A_{2}	8	False
23	normalization_difference_or_substantive_discrepancy	8	True	True	A_{0},A_{1},A_{2}	8	False
24	normalization_difference_or_substantive_discrepancy	8	True	True	A_{0},A_{1},A_{2}	8	False
25	normalization_difference_or_substantive_discrepancy	8	True	True	A_{0},A_{1},A_{2}	8	False
26	normalization_difference_or_substantive_discrepancy	8	True	True	A_{0},A_{1},A_{2}	8	False
27	normalization_difference_or_substantive_discrepancy	8	True	True	A_{0},A_{1},A_{2},A_{3}	8	False
28	normalization_difference_or_substantive_discrepancy	8	True	True	A_{0},A_{1},A_{2},A_{3}	8	False
29	normalization_difference_or_substantive_discrepancy	8	True	True	A_{0},A_{1},A_{2},A_{3},A_{4}	8	False
30	normalization_difference_or_substantive_discrepancy	8	True	True	A_{0},A_{1},A_{2}	8	False
31	normalization_difference_or_substantive_discrepancy	8	True	True	A_{0},A_{1},A_{2},A_{3}	8	False
32	formatting_or_normalization_difference	8	True	False		8	False
33	normalization_difference_or_substantive_discrepancy	8	True	True	A_{0},A_{1}	8	False
34	normalization_difference_or_substantive_discrepancy	8	True	True	A_{0},A_{1}	8	False
35	normalization_difference_or_substantive_discrepancy	8	True	True	A_{0},A_{1}	8	False
36	normalization_difference_or_substantive_discrepancy	8	True	True	A_{0},A_{1}	8	False
37	normalization_difference_or_substantive_discrepancy	8	True	True	A_{0},A_{1},A_{2}	8	False
38	normalization_difference_or_substantive_discrepancy	8	True	True	A_{0},A_{1},A_{2}	8	False
39	normalization_difference_or_substantive_discrepancy	8	True	True	A_{0},A_{1},A_{2}	8	False
40	normalization_difference_or_substantive_discrepancy	8	True	True	A_{0},A_{1},A_{2}	8	False
41	normalization_difference_or_substantive_discrepancy	8	True	True	A_{0},A_{1},A_{2}	8	False
42	normalization_difference_or_substantive_discrepancy	8	True	True	A_{0},A_{1},A_{2}	8	False
43	normalization_difference_or_substantive_discrepancy	8	True	True	A_{0},A_{1},A_{2},A_{3}	8	False
44	normalization_difference_or_substantive_discrepancy	8	True	True	A_{0},A_{1},A_{2},A_{3}	8	False
45	normalization_difference_or_substantive_discrepancy	8	True	True	A_{0},A_{1},A_{2},A_{3}	8	False
46	normalization_difference_or_substantive_discrepancy	8	True	True	A_{0},A_{1},A_{2},A_{3}	8	False
47	normalization_difference_or_substantive_discrepancy	8	True	True	A_{0},A_{1},A_{2},A_{3}	8	False
48	normalization_difference_or_substantive_discrepancy	8	True	True	A_{0},A_{1},A_{2},A_{3},A_{4}	8	False
49	normalization_difference_or_substantive_discrepancy	8	True	True	A_{0},A_{1},A_{2},A_{3},A_{4}	8	False
50	normalization_difference_or_substantive_discrepancy	8	True	True	A_{0},A_{1},A_{2},A_{3},A_{4}	8	False
51	normalization_difference_or_substantive_discrepancy	8	True	True	A_{0},A_{1},A_{2},A_{3},A_{4},A_{5}	8	False
52	normalization_difference_or_substantive_discrepancy	8	True	True	A_{0},A_{1},A_{2}	8	False
53	normalization_difference_or_substantive_discrepancy	8	True	True	A_{0},A_{1}	8	False
54	normalization_difference_or_substantive_discrepancy	8	True	True	A_{0},A_{1},A_{2}	8	False
55	normalization_difference_or_substantive_discrepancy	8	True	True	A_{0},A_{1},A_{2}	8	False
56	normalization_difference_or_substantive_discrepancy	8	True	True	A_{0},A_{1},A_{2},A_{3}	8	False
57	normalization_difference_or_substantive_discrepancy	8	True	True	A_{0},A_{1},A_{2},A_{3}	8	False
58	normalization_difference_or_substantive_discrepancy	8	True	True	A_{0},A_{1},A_{2},A_{3}	8	False
59	normalization_difference_or_substantive_discrepancy	8	True	True	A_{0},A_{1},A_{2},A_{3}	8	False
60	normalization_difference_or_substantive_discrepancy	8	True	True	A_{0},A_{1},A_{2}	8	False
61	normalization_difference_or_substantive_discrepancy	8	True	True	A_{0},A_{1},A_{2},A_{3}	8	False
62	normalization_difference_or_substantive_discrepancy	8	True	True	A_{0},A_{1},A_{2},A_{3},A_{4}	8	False
63	normalization_difference_or_substantive_discrepancy	8	True	True	A_{0},A_{1},A_{2},A_{3},A_{4}	8	False
64	normalization_difference_or_substantive_discrepancy	8	True	True	A_{0},A_{1},A_{2}	8	False
65	normalization_difference_or_substantive_discrepancy	8	True	True	A_{0},A_{1},A_{2},A_{3}	8	False
66	normalization_difference_or_substantive_discrepancy	8	True	True	A_{0},A_{1},A_{2},A_{3},A_{4}	8	False
67	normalization_difference_or_substantive_discrepancy	8	True	True	A_{0},A_{1},A_{2},A_{3},A_{4},A_{5}	8	False
68	normalization_difference_or_substantive_discrepancy	8	True	True	A_{0},A_{1},A_{2},A_{3}	8	False
69	formatting_or_normalization_difference	8	True	False		8	False
70	normalization_difference_or_substantive_discrepancy	8	True	True	A_{0},A_{1}	8	False
71	normalization_difference_or_substantive_discrepancy	8	True	True	A_{0},A_{1}	8	False
72	normalization_difference_or_substantive_discrepancy	8	True	True	A_{0},A_{1}	8	False
73	normalization_difference_or_substantive_discrepancy	8	True	True	A_{0},A_{1}	8	False
74	normalization_difference_or_substantive_discrepancy	8	True	True	A_{0},A_{1},A_{2}	8	False
75	normalization_difference_or_substantive_discrepancy	8	True	True	A_{0},A_{1},A_{2}	8	False
76	normalization_difference_or_substantive_discrepancy	8	True	True	A_{0},A_{1},A_{2}	8	False
77	normalization_difference_or_substantive_discrepancy	8	True	True	A_{0},A_{1},A_{2}	8	False
78	normalization_difference_or_substantive_discrepancy	8	True	True	A_{0},A_{1},A_{2}	8	False
79	normalization_difference_or_substantive_discrepancy	8	True	True	A_{0},A_{1},A_{2}	8	False
80	normalization_difference_or_substantive_discrepancy	8	True	True	A_{0},A_{1},A_{2},A_{3}	8	False
81	normalization_difference_or_substantive_discrepancy	8	True	True	A_{0},A_{1},A_{2},A_{3}	8	False
82	normalization_difference_or_substantive_discrepancy	8	True	True	A_{0},A_{1},A_{2},A_{3}	8	False
83	normalization_difference_or_substantive_discrepancy	8	True	True	A_{0},A_{1},A_{2},A_{3}	8	False
84	normalization_difference_or_substantive_discrepancy	8	True	True	A_{0},A_{1},A_{2},A_{3}	8	False
85	normalization_difference_or_substantive_discrepancy	8	True	True	A_{0},A_{1},A_{2},A_{3},A_{4}	8	False
86	normalization_difference_or_substantive_discrepancy	8	True	True	A_{0},A_{1},A_{2},A_{3},A_{4}	8	False
87	normalization_difference_or_substantive_discrepancy	8	True	True	A_{0},A_{1},A_{2},A_{3},A_{4}	8	False
88	normalization_difference_or_substantive_discrepancy	8	True	True	A_{0},A_{1},A_{2},A_{3},A_{4},A_{5}	8	False
89	normalization_difference_or_substantive_discrepancy	8	True	True	A_{0},A_{1},A_{2}	8	False
90	normalization_difference_or_substantive_discrepancy	8	True	True	A_{0},A_{1},A_{2},A_{3}	8	False
91	normalization_difference_or_substantive_discrepancy	8	True	True	A_{0},A_{1},A_{2},A_{3},A_{4}	8	False
92	normalization_difference_or_substantive_discrepancy	8	True	True	A_{0},A_{1},A_{2},A_{3},A_{4}	8	False
93	formatting_or_normalization_difference	8	True	False		8	False
94	normalization_difference_or_substantive_discrepancy	8	True	True	A_{0},A_{1}	8	False
95	normalization_difference_or_substantive_discrepancy	8	True	True	A_{0},A_{1}	8	False
96	normalization_difference_or_substantive_discrepancy	8	True	True	A_{0},A_{1}	8	False
97	normalization_difference_or_substantive_discrepancy	8	True	True	A_{0},A_{1}	8	False
98	normalization_difference_or_substantive_discrepancy	8	True	True	A_{0},A_{1}	8	False
99	normalization_difference_or_substantive_discrepancy	8	True	True	A_{0},A_{1}	8	False
100	normalization_difference_or_substantive_discrepancy	8	True	True	A_{0},A_{1}	8	False
101	normalization_difference_or_substantive_discrepancy	8	True	True	A_{0},A_{1},A_{2}	8	False
102	normalization_difference_or_substantive_discrepancy	8	True	True	A_{0},A_{1},A_{2}	8	False
103	normalization_difference_or_substantive_discrepancy	8	True	True	A_{0},A_{1},A_{2}	8	False
104	normalization_difference_or_substantive_discrepancy	8	True	True	A_{0},A_{1},A_{2}	8	False
105	normalization_difference_or_substantive_discrepancy	8	True	True	A_{0},A_{1},A_{2}	8	False
106	normalization_difference_or_substantive_discrepancy	8	True	True	A_{0},A_{1},A_{2}	8	False
107	normalization_difference_or_substantive_discrepancy	8	True	True	A_{0},A_{1},A_{2}	8	False
108	normalization_difference_or_substantive_discrepancy	8	True	True	A_{0},A_{1},A_{2}	8	False
109	normalization_difference_or_substantive_discrepancy	8	True	True	A_{0},A_{1},A_{2}	8	False
110	normalization_difference_or_substantive_discrepancy	8	True	True	A_{0},A_{1},A_{2}	8	False
111	normalization_difference_or_substantive_discrepancy	8	True	True	A_{0},A_{1},A_{2}	8	False
112	normalization_difference_or_substantive_discrepancy	8	True	True	A_{0},A_{1},A_{2}	8	False
113	normalization_difference_or_substantive_discrepancy	8	True	True	A_{0},A_{1},A_{2}	8	False
114	normalization_difference_or_substantive_discrepancy	8	True	True	A_{0},A_{1},A_{2}	8	False
115	normalization_difference_or_substantive_discrepancy	8	True	True	A_{0},A_{1},A_{2}	8	False
116	normalization_difference_or_substantive_discrepancy	8	True	True	A_{0},A_{1},A_{2},A_{3}	8	False
117	normalization_difference_or_substantive_discrepancy	8	True	True	A_{0},A_{1},A_{2},A_{3}	8	False
118	normalization_difference_or_substantive_discrepancy	8	True	True	A_{0},A_{1},A_{2},A_{3}	8	False
119	normalization_difference_or_substantive_discrepancy	8	True	True	A_{0},A_{1},A_{2},A_{3}	8	False
120	normalization_difference_or_substantive_discrepancy	8	True	True	A_{0},A_{1},A_{2},A_{3}	8	False
121	normalization_difference_or_substantive_discrepancy	8	True	True	A_{0},A_{1},A_{2},A_{3}	8	False
122	normalization_difference_or_substantive_discrepancy	8	True	True	A_{0},A_{1},A_{2},A_{3}	8	False
123	normalization_difference_or_substantive_discrepancy	8	True	True	A_{0},A_{1},A_{2},A_{3}	8	False
124	normalization_difference_or_substantive_discrepancy	8	True	True	A_{0},A_{1},A_{2},A_{3}	8	False
125	normalization_difference_or_substantive_discrepancy	8	True	True	A_{0},A_{1},A_{2},A_{3}	8	False
126	normalization_difference_or_substantive_discrepancy	8	True	True	A_{0},A_{1},A_{2},A_{3}	8	False
127	normalization_difference_or_substantive_discrepancy	8	True	True	A_{0},A_{1},A_{2},A_{3}	8	False
128	normalization_difference_or_substantive_discrepancy	8	True	True	A_{0},A_{1},A_{2},A_{3}	8	False
129	normalization_difference_or_substantive_discrepancy	8	True	True	A_{0},A_{1},A_{2},A_{3}	8	False
130	normalization_difference_or_substantive_discrepancy	8	True	True	A_{0},A_{1},A_{2},A_{3}	8	False
131	normalization_difference_or_substantive_discrepancy	8	True	True	A_{0},A_{1},A_{2},A_{3},A_{4}	8	False
132	normalization_difference_or_substantive_discrepancy	8	True	True	A_{0},A_{1},A_{2},A_{3},A_{4}	8	False
133	normalization_difference_or_substantive_discrepancy	8	True	True	A_{0},A_{1},A_{2},A_{3},A_{4}	8	False
134	normalization_difference_or_substantive_discrepancy	8	True	True	A_{0},A_{1},A_{2},A_{3},A_{4}	8	False
135	normalization_difference_or_substantive_discrepancy	8	True	True	A_{0},A_{1},A_{2},A_{3},A_{4}	8	False
136	normalization_difference_or_substantive_discrepancy	8	True	True	A_{0},A_{1},A_{2},A_{3},A_{4}	8	False
137	normalization_difference_or_substantive_discrepancy	8	True	True	A_{0},A_{1},A_{2},A_{3},A_{4}	8	False
138	normalization_difference_or_substantive_discrepancy	8	True	True	A_{0},A_{1},A_{2},A_{3},A_{4}	8	False
139	normalization_difference_or_substantive_discrepancy	8	True	True	A_{0},A_{1},A_{2},A_{3},A_{4},A_{5}	8	False
140	normalization_difference_or_substantive_discrepancy	8	True	True	A_{0},A_{1},A_{2},A_{3},A_{4},A_{5}	8	False
141	normalization_difference_or_substantive_discrepancy	8	True	True	A_{0},A_{1},A_{2},A_{3},A_{4},A_{5}	8	False
142	normalization_difference_or_substantive_discrepancy	8	True	True	A_{0},A_{1},A_{2},A_{3},A_{4},A_{5}	8	False
143	normalization_difference_or_substantive_discrepancy	8	True	True	A_{0},A_{1},A_{2},A_{3},A_{4},A_{5},A_{6}	8	False
144	normalization_difference_or_substantive_discrepancy	8	True	True	A_{0},A_{1}	8	False
145	normalization_difference_or_substantive_discrepancy	8	True	True	A_{0},A_{1},A_{2}	8	False
146	normalization_difference_or_substantive_discrepancy	8	True	True	A_{0},A_{1},A_{2},A_{3}	8	False
147	normalization_difference_or_substantive_discrepancy	8	True	True	A_{0},A_{1},A_{2},A_{3}	8	False
148	normalization_difference_or_substantive_discrepancy	8	True	True	A_{0},A_{1},A_{2},A_{3}	8	False
149	normalization_difference_or_substantive_discrepancy	8	True	True	A_{0},A_{1},A_{2},A_{3},A_{4}	8	False
150	normalization_difference_or_substantive_discrepancy	8	True	True	A_{0},A_{1},A_{2},A_{3},A_{4},A_{5}	8	False
151	normalization_difference_or_substantive_discrepancy	8	True	True	A_{0},A_{1},A_{2},A_{3},A_{4},A_{5}	8	False
152	normalization_difference_or_substantive_discrepancy	8	True	True	A_{0},A_{1}	8	False
153	normalization_difference_or_substantive_discrepancy	8	True	True	A_{0},A_{1}	8	False
154	normalization_difference_or_substantive_discrepancy	8	True	True	A_{0},A_{1}	8	False
155	normalization_difference_or_substantive_discrepancy	8	True	True	A_{0},A_{1}	8	False
156	normalization_difference_or_substantive_discrepancy	8	True	True	A_{0},A_{1},A_{2}	8	False
157	normalization_difference_or_substantive_discrepancy	8	True	True	A_{0},A_{1},A_{2}	8	False
158	normalization_difference_or_substantive_discrepancy	8	True	True	A_{0},A_{1},A_{2}	8	False
159	normalization_difference_or_substantive_discrepancy	8	True	True	A_{0},A_{1},A_{2}	8	False
160	normalization_difference_or_substantive_discrepancy	8	True	True	A_{0},A_{1},A_{2}	8	False
161	normalization_difference_or_substantive_discrepancy	8	True	True	A_{0},A_{1},A_{2}	8	False
162	normalization_difference_or_substantive_discrepancy	8	True	True	A_{0},A_{1},A_{2}	8	False
163	normalization_difference_or_substantive_discrepancy	8	True	True	A_{0},A_{1},A_{2}	8	False
164	normalization_difference_or_substantive_discrepancy	8	True	True	A_{0},A_{1},A_{2}	8	False
165	normalization_difference_or_substantive_discrepancy	8	True	True	A_{0},A_{1},A_{2},A_{3}	8	False
166	normalization_difference_or_substantive_discrepancy	8	True	True	A_{0},A_{1},A_{2},A_{3}	8	False
167	normalization_difference_or_substantive_discrepancy	8	True	True	A_{0},A_{1},A_{2},A_{3}	8	False
168	normalization_difference_or_substantive_discrepancy	8	True	True	A_{0},A_{1},A_{2},A_{3}	8	False
169	normalization_difference_or_substantive_discrepancy	8	True	True	A_{0},A_{1},A_{2},A_{3}	8	False
170	normalization_difference_or_substantive_discrepancy	8	True	True	A_{0},A_{1},A_{2},A_{3}	8	False
171	normalization_difference_or_substantive_discrepancy	8	True	True	A_{0},A_{1},A_{2},A_{3}	8	False
172	normalization_difference_or_substantive_discrepancy	8	True	True	A_{0},A_{1},A_{2},A_{3}	8	False
173	normalization_difference_or_substantive_discrepancy	8	True	True	A_{0},A_{1},A_{2},A_{3}	8	False
174	normalization_difference_or_substantive_discrepancy	8	True	True	A_{0},A_{1},A_{2},A_{3}	8	False
175	normalization_difference_or_substantive_discrepancy	8	True	True	A_{0},A_{1},A_{2},A_{3}	8	False
176	normalization_difference_or_substantive_discrepancy	8	True	True	A_{0},A_{1},A_{2},A_{3}	8	False
177	normalization_difference_or_substantive_discrepancy	8	True	True	A_{0},A_{1},A_{2},A_{3},A_{4}	8	False
178	normalization_difference_or_substantive_discrepancy	8	True	True	A_{0},A_{1},A_{2},A_{3},A_{4}	8	False
179	normalization_difference_or_substantive_discrepancy	8	True	True	A_{0},A_{1},A_{2},A_{3},A_{4}	8	False
180	normalization_difference_or_substantive_discrepancy	8	True	True	A_{0},A_{1},A_{2},A_{3},A_{4}	8	False
181	normalization_difference_or_substantive_discrepancy	8	True	True	A_{0},A_{1},A_{2},A_{3},A_{4}	8	False
182	normalization_difference_or_substantive_discrepancy	8	True	True	A_{0},A_{1},A_{2},A_{3},A_{4}	8	False
183	normalization_difference_or_substantive_discrepancy	8	True	True	A_{0},A_{1},A_{2},A_{3},A_{4}	8	False
184	normalization_difference_or_substantive_discrepancy	8	True	True	A_{0},A_{1},A_{2},A_{3},A_{4}	8	False
185	normalization_difference_or_substantive_discrepancy	8	True	True	A_{0},A_{1},A_{2},A_{3},A_{4}	8	False
186	normalization_difference_or_substantive_discrepancy	8	True	True	A_{0},A_{1},A_{2},A_{3},A_{4},A_{5}	8	False
187	normalization_difference_or_substantive_discrepancy	8	True	True	A_{0},A_{1},A_{2},A_{3},A_{4},A_{5}	8	False
188	normalization_difference_or_substantive_discrepancy	8	True	True	A_{0},A_{1},A_{2},A_{3},A_{4},A_{5}	8	False
189	normalization_difference_or_substantive_discrepancy	8	True	True	A_{0},A_{1},A_{2},A_{3},A_{4},A_{5}	8	False
190	normalization_difference_or_substantive_discrepancy	8	True	True	A_{0},A_{1},A_{2},A_{3},A_{4},A_{5},A_{6}	8	False
191	normalization_difference_or_substantive_discrepancy	8	True	True	A_{0},A_{1},A_{2},A_{3},A_{4},A_{5},A_{6}	8	False
192	normalization_difference_or_substantive_discrepancy	8	True	True	A_{0},A_{1},A_{2},A_{3},A_{4},A_{5},A_{6},A_{7}	8	False
193	normalization_difference_or_substantive_discrepancy	8	True	True	A_{0},A_{1},A_{2}	8	False
194	normalization_difference_or_substantive_discrepancy	8	True	True	A_{0},A_{1},A_{2},A_{3}	8	False
195	normalization_difference_or_substantive_discrepancy	8	True	True	A_{0},A_{1},A_{2},A_{3},A_{4}	8	False
196	normalization_difference_or_substantive_discrepancy	8	True	True	A_{0},A_{1},A_{2},A_{3},A_{4},A_{5}	8	False
197	normalization_difference_or_substantive_discrepancy	8	True	True	A_{0},A_{1}	8	False
198	normalization_difference_or_substantive_discrepancy	8	True	True	A_{0},A_{1}	8	False
199	normalization_difference_or_substantive_discrepancy	8	True	True	A_{0},A_{1}	8	False
200	normalization_difference_or_substantive_discrepancy	8	True	True	A_{0},A_{1}	8	False
201	normalization_difference_or_substantive_discrepancy	8	True	True	A_{0},A_{1},A_{2}	8	False
202	normalization_difference_or_substantive_discrepancy	8	True	True	A_{0},A_{1},A_{2}	8	False
203	normalization_difference_or_substantive_discrepancy	8	True	True	A_{0},A_{1},A_{2}	8	False
204	normalization_difference_or_substantive_discrepancy	8	True	True	A_{0},A_{1},A_{2}	8	False
205	normalization_difference_or_substantive_discrepancy	8	True	True	A_{0},A_{1},A_{2}	8	False
206	normalization_difference_or_substantive_discrepancy	8	True	True	A_{0},A_{1},A_{2}	8	False
207	normalization_difference_or_substantive_discrepancy	8	True	True	A_{0},A_{1},A_{2}	8	False
208	normalization_difference_or_substantive_discrepancy	8	True	True	A_{0},A_{1},A_{2}	8	False
209	normalization_difference_or_substantive_discrepancy	8	True	True	A_{0},A_{1},A_{2}	8	False
210	normalization_difference_or_substantive_discrepancy	8	True	True	A_{0},A_{1},A_{2},A_{3}	8	False
211	normalization_difference_or_substantive_discrepancy	8	True	True	A_{0},A_{1},A_{2},A_{3}	8	False
212	normalization_difference_or_substantive_discrepancy	8	True	True	A_{0},A_{1},A_{2},A_{3}	8	False
213	normalization_difference_or_substantive_discrepancy	8	True	True	A_{0},A_{1},A_{2},A_{3}	8	False
214	normalization_difference_or_substantive_discrepancy	8	True	True	A_{0},A_{1},A_{2},A_{3}	8	False
215	normalization_difference_or_substantive_discrepancy	8	True	True	A_{0},A_{1},A_{2},A_{3}	8	False
216	normalization_difference_or_substantive_discrepancy	8	True	True	A_{0},A_{1},A_{2},A_{3}	8	False
217	normalization_difference_or_substantive_discrepancy	8	True	True	A_{0},A_{1},A_{2},A_{3}	8	False
218	normalization_difference_or_substantive_discrepancy	8	True	True	A_{0},A_{1},A_{2},A_{3}	8	False
219	normalization_difference_or_substantive_discrepancy	8	True	True	A_{0},A_{1},A_{2},A_{3}	8	False
220	normalization_difference_or_substantive_discrepancy	8	True	True	A_{0},A_{1},A_{2},A_{3}	8	False
221	normalization_difference_or_substantive_discrepancy	8	True	True	A_{0},A_{1},A_{2},A_{3}	8	False
222	normalization_difference_or_substantive_discrepancy	8	True	True	A_{0},A_{1},A_{2},A_{3},A_{4}	8	False
223	normalization_difference_or_substantive_discrepancy	8	True	True	A_{0},A_{1},A_{2},A_{3},A_{4}	8	False
224	normalization_difference_or_substantive_discrepancy	8	True	True	A_{0},A_{1},A_{2},A_{3},A_{4}	8	False
225	normalization_difference_or_substantive_discrepancy	8	True	True	A_{0},A_{1},A_{2},A_{3},A_{4}	8	False
226	normalization_difference_or_substantive_discrepancy	8	True	True	A_{0},A_{1},A_{2},A_{3},A_{4}	8	False
227	normalization_difference_or_substantive_discrepancy	8	True	True	A_{0},A_{1},A_{2},A_{3},A_{4}	8	False
228	normalization_difference_or_substantive_discrepancy	8	True	True	A_{0},A_{1},A_{2},A_{3},A_{4}	8	False
229	normalization_difference_or_substantive_discrepancy	8	True	True	A_{0},A_{1},A_{2},A_{3},A_{4}	8	False
230	normalization_difference_or_substantive_discrepancy	8	True	True	A_{0},A_{1},A_{2},A_{3},A_{4}	8	False
231	normalization_difference_or_substantive_discrepancy	8	True	True	A_{0},A_{1},A_{2},A_{3},A_{4},A_{5}	8	False
232	normalization_difference_or_substantive_discrepancy	8	True	True	A_{0},A_{1},A_{2},A_{3},A_{4},A_{5}	8	False
233	normalization_difference_or_substantive_discrepancy	8	True	True	A_{0},A_{1},A_{2},A_{3},A_{4},A_{5}	8	False
234	normalization_difference_or_substantive_discrepancy	8	True	True	A_{0},A_{1},A_{2},A_{3},A_{4},A_{5}	8	False
235	normalization_difference_or_substantive_discrepancy	8	True	True	A_{0},A_{1},A_{2},A_{3},A_{4},A_{5},A_{6}	8	False
236	normalization_difference_or_substantive_discrepancy	8	True	True	A_{0},A_{1},A_{2},A_{3},A_{4},A_{5},A_{6}	8	False
237	normalization_difference_or_substantive_discrepancy	8	True	True	A_{0},A_{1},A_{2},A_{3},A_{4},A_{5},A_{6},A_{7}	8	False
238	formatting_or_normalization_difference	8	True	False		8	False
239	formatting_or_normalization_difference	8	True	False		8	False
240	formatting_or_normalization_difference	8	True	False		8	False
241	formatting_or_normalization_difference	8	True	False		8	False
242	normalization_difference_or_substantive_discrepancy	8	True	True	A_{0},A_{1}	8	False
243	normalization_difference_or_substantive_discrepancy	8	True	True	A_{0},A_{1}	8	False
244	normalization_difference_or_substantive_discrepancy	8	True	True	A_{0},A_{1}	8	False
245	formatting_or_normalization_difference	8	True	False		8	False
246	normalization_difference_or_substantive_discrepancy	8	True	True	A_{0},A_{1}	8	False
247	normalization_difference_or_substantive_discrepancy	8	True	True	A_{0},A_{1}	8	False
248	normalization_difference_or_substantive_discrepancy	8	True	True	A_{0},A_{1}	8	False
249	normalization_difference_or_substantive_discrepancy	8	True	True	A_{0},A_{1}	8	False
250	normalization_difference_or_substantive_discrepancy	8	True	True	A_{0},A_{1}	8	False
251	normalization_difference_or_substantive_discrepancy	8	True	True	A_{0},A_{1}	8	False
252	normalization_difference_or_substantive_discrepancy	8	True	True	A_{0},A_{1}	8	False
253	normalization_difference_or_substantive_discrepancy	8	True	True	A_{0},A_{1}	8	False
254	normalization_difference_or_substantive_discrepancy	8	True	True	A_{0},A_{1}	8	False
255	normalization_difference_or_substantive_discrepancy	8	True	True	A_{0},A_{1}	8	False
256	normalization_difference_or_substantive_discrepancy	8	True	True	A_{0},A_{1}	8	False
257	normalization_difference_or_substantive_discrepancy	8	True	True	A_{0},A_{1}	8	False
258	normalization_difference_or_substantive_discrepancy	8	True	True	A_{0},A_{1}	8	False
259	normalization_difference_or_substantive_discrepancy	8	True	True	A_{0},A_{1}	8	False
260	normalization_difference_or_substantive_discrepancy	8	True	True	A_{0},A_{1},A_{2}	8	False
261	normalization_difference_or_substantive_discrepancy	8	True	True	A_{0},A_{1}	8	False
262	normalization_difference_or_substantive_discrepancy	8	True	True	A_{0},A_{1}	8	False
263	normalization_difference_or_substantive_discrepancy	8	True	True	A_{0},A_{1},A_{2}	8	False
264	normalization_difference_or_substantive_discrepancy	8	True	True	A_{0},A_{1}	8	False
265	normalization_difference_or_substantive_discrepancy	8	True	True	A_{0},A_{1}	8	False
266	normalization_difference_or_substantive_discrepancy	8	True	True	A_{0},A_{1}	8	False
267	normalization_difference_or_substantive_discrepancy	8	True	True	A_{0},A_{1}	8	False
268	normalization_difference_or_substantive_discrepancy	8	True	True	A_{0},A_{1}	8	False
269	normalization_difference_or_substantive_discrepancy	8	True	True	A_{0},A_{1},A_{2}	8	False
270	normalization_difference_or_substantive_discrepancy	8	True	True	A_{0},A_{1}	8	False
271	normalization_difference_or_substantive_discrepancy	8	True	True	A_{0},A_{1},A_{2}	8	False
272	normalization_difference_or_substantive_discrepancy	8	True	True	A_{0},A_{1},A_{2}	8	False
273	normalization_difference_or_substantive_discrepancy	8	True	True	A_{0},A_{1}	8	False
274	normalization_difference_or_substantive_discrepancy	8	True	True	A_{0},A_{1}	8	False
275	normalization_difference_or_substantive_discrepancy	8	True	True	A_{0},A_{1}	8	False
276	normalization_difference_or_substantive_discrepancy	8	True	True	A_{0},A_{1}	8	False
277	normalization_difference_or_substantive_discrepancy	8	True	True	A_{0},A_{1},A_{2}	8	False
278	normalization_difference_or_substantive_discrepancy	8	True	True	A_{0},A_{1},A_{2}	8	False
279	normalization_difference_or_substantive_discrepancy	8	True	True	A_{0},A_{1},A_{2}	8	False
280	normalization_difference_or_substantive_discrepancy	8	True	True	A_{0},A_{1},A_{2}	8	False
281	normalization_difference_or_substantive_discrepancy	8	True	True	A_{0},A_{1},A_{2}	8	False
282	normalization_difference_or_substantive_discrepancy	8	True	True	A_{0},A_{1},A_{2}	8	False
283	normalization_difference_or_substantive_discrepancy	8	True	True	A_{0},A_{1},A_{2}	8	False
284	normalization_difference_or_substantive_discrepancy	8	True	True	A_{0},A_{1},A_{2}	8	False
285	normalization_difference_or_substantive_discrepancy	8	True	True	A_{0},A_{1},A_{2}	8	False
286	normalization_difference_or_substantive_discrepancy	8	True	True	A_{0},A_{1},A_{2}	8	False
287	normalization_difference_or_substantive_discrepancy	8	True	True	A_{0},A_{1},A_{2},A_{3}	8	False
288	normalization_difference_or_substantive_discrepancy	8	True	True	A_{0},A_{1},A_{2}	8	False
289	normalization_difference_or_substantive_discrepancy	8	True	True	A_{0},A_{1},A_{2}	8	False
290	normalization_difference_or_substantive_discrepancy	8	True	True	A_{0},A_{1},A_{2}	8	False
291	normalization_difference_or_substantive_discrepancy	8	True	True	A_{0},A_{1},A_{2}	8	False
292	normalization_difference_or_substantive_discrepancy	8	True	True	A_{0},A_{1},A_{2}	8	False
293	normalization_difference_or_substantive_discrepancy	8	True	True	A_{0},A_{1},A_{2}	8	False
294	normalization_difference_or_substantive_discrepancy	8	True	True	A_{0},A_{1},A_{2}	8	False
295	normalization_difference_or_substantive_discrepancy	8	True	True	A_{0},A_{1},A_{2}	8	False
296	normalization_difference_or_substantive_discrepancy	8	True	True	A_{0},A_{1},A_{2}	8	False
297	normalization_difference_or_substantive_discrepancy	8	True	True	A_{0},A_{1},A_{2}	8	False
298	normalization_difference_or_substantive_discrepancy	8	True	True	A_{0},A_{1},A_{2}	8	False
299	normalization_difference_or_substantive_discrepancy	8	True	True	A_{0},A_{1},A_{2}	8	False
300	normalization_difference_or_substantive_discrepancy	8	True	True	A_{0},A_{1},A_{2}	8	False
301	normalization_difference_or_substantive_discrepancy	8	True	True	A_{0},A_{1},A_{2}	8	False
302	normalization_difference_or_substantive_discrepancy	8	True	True	A_{0},A_{1},A_{2}	8	False
303	normalization_difference_or_substantive_discrepancy	8	True	True	A_{0},A_{1},A_{2}	8	False
304	normalization_difference_or_substantive_discrepancy	8	True	True	A_{0},A_{1},A_{2}	8	False
305	normalization_difference_or_substantive_discrepancy	8	True	True	A_{0},A_{1},A_{2}	8	False
306	normalization_difference_or_substantive_discrepancy	8	True	True	A_{0},A_{1},A_{2}	8	False
307	normalization_difference_or_substantive_discrepancy	8	True	True	A_{0},A_{1},A_{2}	8	False
308	normalization_difference_or_substantive_discrepancy	8	True	True	A_{0},A_{1},A_{2}	8	False
309	normalization_difference_or_substantive_discrepancy	8	True	True	A_{0},A_{1},A_{2}	8	False
310	normalization_difference_or_substantive_discrepancy	8	True	True	A_{0},A_{1},A_{2}	8	False
311	normalization_difference_or_substantive_discrepancy	8	True	True	A_{0},A_{1},A_{2}	8	False
312	normalization_difference_or_substantive_discrepancy	8	True	True	A_{0},A_{1},A_{2}	8	False
313	normalization_difference_or_substantive_discrepancy	8	True	True	A_{0},A_{1},A_{2}	8	False
314	normalization_difference_or_substantive_discrepancy	8	True	True	A_{0},A_{1},A_{2}	8	False
315	normalization_difference_or_substantive_discrepancy	8	True	True	A_{0},A_{1},A_{2}	8	False
316	normalization_difference_or_substantive_discrepancy	8	True	True	A_{0},A_{1},A_{2}	8	False
317	normalization_difference_or_substantive_discrepancy	8	True	True	A_{0},A_{1},A_{2}	8	False
318	normalization_difference_or_substantive_discrepancy	8	True	True	A_{0},A_{1},A_{2}	8	False
319	normalization_difference_or_substantive_discrepancy	8	True	True	A_{0},A_{1},A_{2}	8	False
320	normalization_difference_or_substantive_discrepancy	8	True	True	A_{0},A_{1},A_{2}	8	False
321	normalization_difference_or_substantive_discrepancy	8	True	True	A_{0},A_{1},A_{2}	8	False
322	normalization_difference_or_substantive_discrepancy	8	True	True	A_{0},A_{1},A_{2}	8	False
323	normalization_difference_or_substantive_discrepancy	8	True	True	A_{0},A_{1},A_{2}	8	False
324	normalization_difference_or_substantive_discrepancy	8	True	True	A_{0},A_{1},A_{2}	8	False
325	normalization_difference_or_substantive_discrepancy	8	True	True	A_{0},A_{1},A_{2}	8	False
326	normalization_difference_or_substantive_discrepancy	8	True	True	A_{0},A_{1},A_{2}	8	False
327	normalization_difference_or_substantive_discrepancy	8	True	True	A_{0},A_{1},A_{2}	8	False
328	normalization_difference_or_substantive_discrepancy	8	True	True	A_{0},A_{1},A_{2}	8	False
329	normalization_difference_or_substantive_discrepancy	8	True	True	A_{0},A_{1},A_{2},A_{3}	8	False
330	normalization_difference_or_substantive_discrepancy	8	True	True	A_{0},A_{1},A_{2},A_{3}	8	False
331	normalization_difference_or_substantive_discrepancy	8	True	True	A_{0},A_{1},A_{2},A_{3}	8	False
332	normalization_difference_or_substantive_discrepancy	8	True	True	A_{0},A_{1},A_{2},A_{3}	8	False
333	normalization_difference_or_substantive_discrepancy	8	True	True	A_{0},A_{1},A_{2},A_{3}	8	False
334	normalization_difference_or_substantive_discrepancy	8	True	True	A_{0},A_{1},A_{2},A_{3}	8	False
335	normalization_difference_or_substantive_discrepancy	8	True	True	A_{0},A_{1},A_{2},A_{3}	8	False
336	normalization_difference_or_substantive_discrepancy	8	True	True	A_{0},A_{1},A_{2},A_{3}	8	False
337	normalization_difference_or_substantive_discrepancy	8	True	True	A_{0},A_{1},A_{2},A_{3}	8	False
338	normalization_difference_or_substantive_discrepancy	8	True	True	A_{0},A_{1},A_{2},A_{3}	8	False
339	normalization_difference_or_substantive_discrepancy	8	True	True	A_{0},A_{1},A_{2},A_{3}	8	False
340	normalization_difference_or_substantive_discrepancy	8	True	True	A_{0},A_{1},A_{2},A_{3}	8	False
341	normalization_difference_or_substantive_discrepancy	8	True	True	A_{0},A_{1},A_{2},A_{3}	8	False
342	normalization_difference_or_substantive_discrepancy	8	True	True	A_{0},A_{1},A_{2},A_{3}	8	False
343	normalization_difference_or_substantive_discrepancy	8	True	True	A_{0},A_{1},A_{2},A_{3}	8	False
344	normalization_difference_or_substantive_discrepancy	8	True	True	A_{0},A_{1},A_{2},A_{3}	8	False
345	normalization_difference_or_substantive_discrepancy	8	True	True	A_{0},A_{1},A_{2},A_{3}	8	False
346	normalization_difference_or_substantive_discrepancy	8	True	True	A_{0},A_{1},A_{2},A_{3}	8	False
347	normalization_difference_or_substantive_discrepancy	8	True	True	A_{0},A_{1},A_{2},A_{3}	8	False
348	normalization_difference_or_substantive_discrepancy	8	True	True	A_{0},A_{1},A_{2},A_{3}	8	False
349	normalization_difference_or_substantive_discrepancy	8	True	True	A_{0},A_{1},A_{2},A_{3}	8	False
350	normalization_difference_or_substantive_discrepancy	8	True	True	A_{0},A_{1},A_{2},A_{3}	8	False
351	normalization_difference_or_substantive_discrepancy	8	True	True	A_{0},A_{1},A_{2},A_{3}	8	False
352	normalization_difference_or_substantive_discrepancy	8	True	True	A_{0},A_{1},A_{2},A_{3}	8	False
353	normalization_difference_or_substantive_discrepancy	8	True	True	A_{0},A_{1},A_{2},A_{3}	8	False
354	normalization_difference_or_substantive_discrepancy	8	True	True	A_{0},A_{1},A_{2},A_{3}	8	False
355	normalization_difference_or_substantive_discrepancy	8	True	True	A_{0},A_{1},A_{2},A_{3}	8	False
356	normalization_difference_or_substantive_discrepancy	8	True	True	A_{0},A_{1},A_{2},A_{3}	8	False
357	normalization_difference_or_substantive_discrepancy	8	True	True	A_{0},A_{1},A_{2},A_{3}	8	False
358	normalization_difference_or_substantive_discrepancy	8	True	True	A_{0},A_{1},A_{2},A_{3}	8	False
359	normalization_difference_or_substantive_discrepancy	8	True	True	A_{0},A_{1},A_{2},A_{3}	8	False
360	normalization_difference_or_substantive_discrepancy	8	True	True	A_{0},A_{1},A_{2},A_{3}	8	False
361	normalization_difference_or_substantive_discrepancy	8	True	True	A_{0},A_{1},A_{2},A_{3}	8	False
362	normalization_difference_or_substantive_discrepancy	8	True	True	A_{0},A_{1},A_{2},A_{3}	8	False
363	normalization_difference_or_substantive_discrepancy	8	True	True	A_{0},A_{1},A_{2},A_{3}	8	False
364	normalization_difference_or_substantive_discrepancy	8	True	True	A_{0},A_{1},A_{2},A_{3}	8	False
365	normalization_difference_or_substantive_discrepancy	8	True	True	A_{0},A_{1},A_{2},A_{3}	8	False
366	normalization_difference_or_substantive_discrepancy	8	True	True	A_{0},A_{1},A_{2},A_{3}	8	False
367	normalization_difference_or_substantive_discrepancy	8	True	True	A_{0},A_{1},A_{2},A_{3}	8	False
368	normalization_difference_or_substantive_discrepancy	8	True	True	A_{0},A_{1},A_{2},A_{3}	8	False
369	normalization_difference_or_substantive_discrepancy	8	True	True	A_{0},A_{1},A_{2},A_{3}	8	False
370	normalization_difference_or_substantive_discrepancy	8	True	True	A_{0},A_{1},A_{2},A_{3}	8	False
371	normalization_difference_or_substantive_discrepancy	8	True	True	A_{0},A_{1},A_{2},A_{3}	8	False
372	normalization_difference_or_substantive_discrepancy	8	True	True	A_{0},A_{1},A_{2},A_{3}	8	False
373	normalization_difference_or_substantive_discrepancy	8	True	True	A_{0},A_{1},A_{2},A_{3}	8	False
374	normalization_difference_or_substantive_discrepancy	8	True	True	A_{0},A_{1},A_{2},A_{3}	8	False
375	normalization_difference_or_substantive_discrepancy	8	True	True	A_{0},A_{1},A_{2},A_{3}	8	False
376	normalization_difference_or_substantive_discrepancy	8	True	True	A_{0},A_{1},A_{2},A_{3}	8	False
377	normalization_difference_or_substantive_discrepancy	8	True	True	A_{0},A_{1},A_{2},A_{3}	8	False
378	normalization_difference_or_substantive_discrepancy	8	True	True	A_{0},A_{1},A_{2},A_{3}	8	False
379	normalization_difference_or_substantive_discrepancy	8	True	True	A_{0},A_{1},A_{2},A_{3}	8	False
380	normalization_difference_or_substantive_discrepancy	8	True	True	A_{0},A_{1},A_{2},A_{3}	8	False
381	normalization_difference_or_substantive_discrepancy	8	True	True	A_{0},A_{1},A_{2},A_{3}	8	False
382	normalization_difference_or_substantive_discrepancy	8	True	True	A_{0},A_{1},A_{2},A_{3}	8	False
383	normalization_difference_or_substantive_discrepancy	8	True	True	A_{0},A_{1},A_{2},A_{3}	8	False
384	normalization_difference_or_substantive_discrepancy	8	True	True	A_{0},A_{1},A_{2},A_{3},A_{4}	8	False
385	normalization_difference_or_substantive_discrepancy	8	True	True	A_{0},A_{1},A_{2},A_{3}	8	False
386	normalization_difference_or_substantive_discrepancy	8	True	True	A_{0},A_{1},A_{2},A_{3},A_{4}	8	False
387	normalization_difference_or_substantive_discrepancy	8	True	True	A_{0},A_{1},A_{2},A_{3},A_{4}	8	False
388	normalization_difference_or_substantive_discrepancy	8	True	True	A_{0},A_{1},A_{2},A_{3},A_{4}	8	False
389	normalization_difference_or_substantive_discrepancy	8	True	True	A_{0},A_{1},A_{2},A_{3},A_{4}	8	False
390	normalization_difference_or_substantive_discrepancy	8	True	True	A_{0},A_{1},A_{2},A_{3},A_{4}	8	False
391	normalization_difference_or_substantive_discrepancy	8	True	True	A_{0},A_{1},A_{2},A_{3},A_{4}	8	False
392	normalization_difference_or_substantive_discrepancy	8	True	True	A_{0},A_{1},A_{2},A_{3},A_{4}	8	False
393	normalization_difference_or_substantive_discrepancy	8	True	True	A_{0},A_{1},A_{2},A_{3},A_{4}	8	False
394	normalization_difference_or_substantive_discrepancy	8	True	True	A_{0},A_{1},A_{2},A_{3},A_{4}	8	False
395	normalization_difference_or_substantive_discrepancy	8	True	True	A_{0},A_{1},A_{2},A_{3},A_{4}	8	False
396	normalization_difference_or_substantive_discrepancy	8	True	True	A_{0},A_{1},A_{2},A_{3},A_{4}	8	False
397	normalization_difference_or_substantive_discrepancy	8	True	True	A_{0},A_{1},A_{2},A_{3},A_{4}	8	False
398	normalization_difference_or_substantive_discrepancy	8	True	True	A_{0},A_{1},A_{2},A_{3},A_{4}	8	False
399	normalization_difference_or_substantive_discrepancy	8	True	True	A_{0},A_{1},A_{2},A_{3},A_{4}	8	False
400	normalization_difference_or_substantive_discrepancy	8	True	True	A_{0},A_{1},A_{2},A_{3},A_{4}	8	False
401	normalization_difference_or_substantive_discrepancy	8	True	True	A_{0},A_{1},A_{2},A_{3},A_{4}	8	False
402	normalization_difference_or_substantive_discrepancy	8	True	True	A_{0},A_{1},A_{2},A_{3},A_{4}	8	False
403	normalization_difference_or_substantive_discrepancy	8	True	True	A_{0},A_{1},A_{2},A_{3},A_{4}	8	False
404	normalization_difference_or_substantive_discrepancy	8	True	True	A_{0},A_{1},A_{2},A_{3},A_{4}	8	False
405	normalization_difference_or_substantive_discrepancy	8	True	True	A_{0},A_{1},A_{2},A_{3},A_{4}	8	False
406	normalization_difference_or_substantive_discrepancy	8	True	True	A_{0},A_{1},A_{2},A_{3},A_{4}	8	False
407	normalization_difference_or_substantive_discrepancy	8	True	True	A_{0},A_{1},A_{2},A_{3},A_{4}	8	False
408	normalization_difference_or_substantive_discrepancy	8	True	True	A_{0},A_{1},A_{2},A_{3},A_{4}	8	False
409	normalization_difference_or_substantive_discrepancy	8	True	True	A_{0},A_{1},A_{2},A_{3},A_{4}	8	False
410	normalization_difference_or_substantive_discrepancy	8	True	True	A_{0},A_{1},A_{2},A_{3},A_{4}	8	False
411	normalization_difference_or_substantive_discrepancy	8	True	True	A_{0},A_{1},A_{2},A_{3},A_{4}	8	False
412	normalization_difference_or_substantive_discrepancy	8	True	True	A_{0},A_{1},A_{2},A_{3},A_{4}	8	False
413	normalization_difference_or_substantive_discrepancy	8	True	True	A_{0},A_{1},A_{2},A_{3},A_{4}	8	False
414	normalization_difference_or_substantive_discrepancy	8	True	True	A_{0},A_{1},A_{2},A_{3},A_{4}	8	False
415	normalization_difference_or_substantive_discrepancy	8	True	True	A_{0},A_{1},A_{2},A_{3},A_{4}	8	False
416	normalization_difference_or_substantive_discrepancy	8	True	True	A_{0},A_{1},A_{2},A_{3},A_{4}	8	False
417	normalization_difference_or_substantive_discrepancy	8	True	True	A_{0},A_{1},A_{2},A_{3},A_{4}	8	False
418	normalization_difference_or_substantive_discrepancy	8	True	True	A_{0},A_{1},A_{2},A_{3},A_{4}	8	False
419	normalization_difference_or_substantive_discrepancy	8	True	True	A_{0},A_{1},A_{2},A_{3},A_{4}	8	False
420	normalization_difference_or_substantive_discrepancy	8	True	True	A_{0},A_{1},A_{2},A_{3},A_{4}	8	False
421	normalization_difference_or_substantive_discrepancy	8	True	True	A_{0},A_{1},A_{2},A_{3},A_{4},A_{5}	8	False
422	normalization_difference_or_substantive_discrepancy	8	True	True	A_{0},A_{1},A_{2},A_{3},A_{4},A_{5}	8	False
423	normalization_difference_or_substantive_discrepancy	8	True	True	A_{0},A_{1},A_{2},A_{3},A_{4},A_{5}	8	False
424	normalization_difference_or_substantive_discrepancy	8	True	True	A_{0},A_{1},A_{2},A_{3},A_{4},A_{5}	8	False
425	normalization_difference_or_substantive_discrepancy	8	True	True	A_{0},A_{1},A_{2},A_{3},A_{4},A_{5}	8	False
426	normalization_difference_or_substantive_discrepancy	8	True	True	A_{0},A_{1},A_{2},A_{3},A_{4},A_{5}	8	False
427	normalization_difference_or_substantive_discrepancy	8	True	True	A_{0},A_{1},A_{2},A_{3},A_{4},A_{5}	8	False
428	normalization_difference_or_substantive_discrepancy	8	True	True	A_{0},A_{1},A_{2},A_{3},A_{4},A_{5}	8	False
429	normalization_difference_or_substantive_discrepancy	8	True	True	A_{0},A_{1},A_{2},A_{3},A_{4},A_{5}	8	False
430	normalization_difference_or_substantive_discrepancy	8	True	True	A_{0},A_{1},A_{2},A_{3},A_{4},A_{5}	8	False
431	normalization_difference_or_substantive_discrepancy	8	True	True	A_{0},A_{1},A_{2},A_{3},A_{4},A_{5}	8	False
432	normalization_difference_or_substantive_discrepancy	8	True	True	A_{0},A_{1},A_{2},A_{3},A_{4},A_{5}	8	False
433	normalization_difference_or_substantive_discrepancy	8	True	True	A_{0},A_{1},A_{2},A_{3},A_{4},A_{5}	8	False
434	normalization_difference_or_substantive_discrepancy	8	True	True	A_{0},A_{1},A_{2},A_{3},A_{4},A_{5}	8	False
435	normalization_difference_or_substantive_discrepancy	8	True	True	A_{0},A_{1},A_{2},A_{3},A_{4},A_{5}	8	False
436	normalization_difference_or_substantive_discrepancy	8	True	True	A_{0},A_{1},A_{2},A_{3},A_{4},A_{5}	8	False
437	normalization_difference_or_substantive_discrepancy	8	True	True	A_{0},A_{1},A_{2},A_{3},A_{4},A_{5}	8	False
438	normalization_difference_or_substantive_discrepancy	8	True	True	A_{0},A_{1},A_{2},A_{3},A_{4},A_{5}	8	False
439	normalization_difference_or_substantive_discrepancy	8	True	True	A_{0},A_{1},A_{2},A_{3},A_{4},A_{5},A_{6}	8	False
440	normalization_difference_or_substantive_discrepancy	8	True	True	A_{0},A_{1},A_{2},A_{3},A_{4},A_{5},A_{6}	8	False
441	normalization_difference_or_substantive_discrepancy	8	True	True	A_{0},A_{1},A_{2},A_{3},A_{4},A_{5},A_{6}	8	False
442	normalization_difference_or_substantive_discrepancy	8	True	True	A_{0},A_{1},A_{2},A_{3},A_{4},A_{5},A_{6}	8	False
443	normalization_difference_or_substantive_discrepancy	8	True	True	A_{0},A_{1},A_{2},A_{3},A_{4},A_{5},A_{6}	8	False
444	normalization_difference_or_substantive_discrepancy	8	True	True	A_{0},A_{1},A_{2},A_{3},A_{4},A_{5},A_{6}	8	False
445	normalization_difference_or_substantive_discrepancy	8	True	True	A_{0},A_{1},A_{2},A_{3},A_{4},A_{5},A_{6}	8	False
446	normalization_difference_or_substantive_discrepancy	8	True	True	A_{0},A_{1},A_{2},A_{3},A_{4},A_{5},A_{6},A_{7}	8	False
447	normalization_difference_or_substantive_discrepancy	8	True	True	A_{0},A_{1},A_{2},A_{3},A_{4},A_{5},A_{6},A_{7}	8	False
448	normalization_difference_or_substantive_discrepancy	8	True	True	A_{0},A_{1},A_{2},A_{3},A_{4},A_{5},A_{6},A_{7}	8	False
449	normalization_difference_or_substantive_discrepancy	8	True	True	A_{0},A_{1},A_{2},A_{3},A_{4},A_{5},A_{6},A_{7},A_{8}	8	False
450	normalization_difference_or_substantive_discrepancy	8	True	True	A_{0},A_{1},A_{2},A_{3},A_{4},A_{5},A_{6},A_{7},A_{8},A_{9}	8	False
451	normalization_difference_or_substantive_discrepancy	13	True	False		13	False
452	normalization_difference_or_substantive_discrepancy	8	True	False		8	False
453	normalization_difference_or_substantive_discrepancy	8	True	False		8	False
454	normalization_difference_or_substantive_discrepancy	8	True	True	A_{0},A_{1}	8	False
455	normalization_difference_or_substantive_discrepancy	8	True	True	A_{0},A_{1},A_{2}	8	False
