arrangement_id	authoritative_factor_count	authoritative_parse_status	canonical_signature_match	historical_factor_count	notes	refined_classification
1	8	STAGED_EXACT_8_FACTOR_PARSE	True	8		EXACT_CANONICAL_MATCH
2	8	STAGED_EXACT_8_FACTOR_PARSE	False	8		TEXT_ONLY_DIFFERENCE
3	8	STAGED_EXACT_8_FACTOR_PARSE	True	8		EXACT_CANONICAL_MATCH
4	8	STAGED_EXACT_8_FACTOR_PARSE	False	8		TEXT_ONLY_DIFFERENCE
5	8	STAGED_EXACT_8_FACTOR_PARSE	False	8		TEXT_ONLY_DIFFERENCE
6	8	STAGED_EXACT_8_FACTOR_PARSE	False	8		TEXT_ONLY_DIFFERENCE
7	8	STAGED_EXACT_8_FACTOR_PARSE	False	8		TEXT_ONLY_DIFFERENCE
8	8	STAGED_EXACT_8_FACTOR_PARSE	False	8		TEXT_ONLY_DIFFERENCE
9	8	STAGED_EXACT_8_FACTOR_PARSE	False	8		TEXT_ONLY_DIFFERENCE
10	8	STAGED_EXACT_8_FACTOR_PARSE	False	8		TEXT_ONLY_DIFFERENCE
11	8	STAGED_EXACT_8_FACTOR_PARSE	False	8		TEXT_ONLY_DIFFERENCE
12	8	STAGED_EXACT_8_FACTOR_PARSE	False	8		TEXT_ONLY_DIFFERENCE
13	8	STAGED_EXACT_8_FACTOR_PARSE	False	8		TEXT_ONLY_DIFFERENCE
14	8	STAGED_EXACT_8_FACTOR_PARSE	False	8		TEXT_ONLY_DIFFERENCE
15	8	STAGED_EXACT_8_FACTOR_PARSE	False	8		TEXT_ONLY_DIFFERENCE
16	8	STAGED_EXACT_8_FACTOR_PARSE	False	8		TEXT_ONLY_DIFFERENCE
17	8	STAGED_EXACT_8_FACTOR_PARSE	False	8		TEXT_ONLY_DIFFERENCE
18	8	STAGED_EXACT_8_FACTOR_PARSE	False	8		TEXT_ONLY_DIFFERENCE
19	8	STAGED_EXACT_8_FACTOR_PARSE	True	8		EXACT_CANONICAL_MATCH
20	8	STAGED_EXACT_8_FACTOR_PARSE	False	8		TEXT_ONLY_DIFFERENCE
21	8	STAGED_EXACT_8_FACTOR_PARSE	False	8		TEXT_ONLY_DIFFERENCE
22	8	STAGED_EXACT_8_FACTOR_PARSE	False	8		TEXT_ONLY_DIFFERENCE
23	8	STAGED_EXACT_8_FACTOR_PARSE	False	8		TEXT_ONLY_DIFFERENCE
24	8	STAGED_EXACT_8_FACTOR_PARSE	False	8		TEXT_ONLY_DIFFERENCE
25	8	STAGED_EXACT_8_FACTOR_PARSE	False	8		TEXT_ONLY_DIFFERENCE
26	8	STAGED_EXACT_8_FACTOR_PARSE	False	8		TEXT_ONLY_DIFFERENCE
27	8	STAGED_EXACT_8_FACTOR_PARSE	False	8		TEXT_ONLY_DIFFERENCE
28	8	STAGED_EXACT_8_FACTOR_PARSE	False	8		TEXT_ONLY_DIFFERENCE
29	8	STAGED_EXACT_8_FACTOR_PARSE	False	8		TEXT_ONLY_DIFFERENCE
30	8	STAGED_EXACT_8_FACTOR_PARSE	False	8		TEXT_ONLY_DIFFERENCE
31	8	STAGED_EXACT_8_FACTOR_PARSE	False	8		TEXT_ONLY_DIFFERENCE
32	8	STAGED_EXACT_8_FACTOR_PARSE	True	8		EXACT_CANONICAL_MATCH
33	8	STAGED_EXACT_8_FACTOR_PARSE	False	8		TEXT_ONLY_DIFFERENCE
34	8	STAGED_EXACT_8_FACTOR_PARSE	False	8		TEXT_ONLY_DIFFERENCE
35	8	STAGED_EXACT_8_FACTOR_PARSE	False	8		TEXT_ONLY_DIFFERENCE
36	8	STAGED_EXACT_8_FACTOR_PARSE	False	8		TEXT_ONLY_DIFFERENCE
37	8	STAGED_EXACT_8_FACTOR_PARSE	False	8		TEXT_ONLY_DIFFERENCE
38	8	STAGED_EXACT_8_FACTOR_PARSE	False	8		TEXT_ONLY_DIFFERENCE
39	8	STAGED_EXACT_8_FACTOR_PARSE	False	8		TEXT_ONLY_DIFFERENCE
40	8	STAGED_EXACT_8_FACTOR_PARSE	False	8		TEXT_ONLY_DIFFERENCE
41	8	STAGED_EXACT_8_FACTOR_PARSE	False	8		TEXT_ONLY_DIFFERENCE
42	8	STAGED_EXACT_8_FACTOR_PARSE	False	8		TEXT_ONLY_DIFFERENCE
43	8	STAGED_EXACT_8_FACTOR_PARSE	False	8		TEXT_ONLY_DIFFERENCE
44	8	STAGED_EXACT_8_FACTOR_PARSE	False	8		TEXT_ONLY_DIFFERENCE
45	8	STAGED_EXACT_8_FACTOR_PARSE	False	8		TEXT_ONLY_DIFFERENCE
46	8	STAGED_EXACT_8_FACTOR_PARSE	False	8		TEXT_ONLY_DIFFERENCE
47	8	STAGED_EXACT_8_FACTOR_PARSE	False	8		TEXT_ONLY_DIFFERENCE
48	8	STAGED_EXACT_8_FACTOR_PARSE	False	8		TEXT_ONLY_DIFFERENCE
49	8	STAGED_EXACT_8_FACTOR_PARSE	False	8		TEXT_ONLY_DIFFERENCE
50	8	STAGED_EXACT_8_FACTOR_PARSE	False	8		TEXT_ONLY_DIFFERENCE
51	8	STAGED_EXACT_8_FACTOR_PARSE	False	8		TEXT_ONLY_DIFFERENCE
52	8	STAGED_EXACT_8_FACTOR_PARSE	False	8		TEXT_ONLY_DIFFERENCE
53	8	STAGED_EXACT_8_FACTOR_PARSE	False	8		TEXT_ONLY_DIFFERENCE
54	8	STAGED_EXACT_8_FACTOR_PARSE	False	8		TEXT_ONLY_DIFFERENCE
55	8	STAGED_EXACT_8_FACTOR_PARSE	False	8		TEXT_ONLY_DIFFERENCE
56	8	STAGED_EXACT_8_FACTOR_PARSE	False	8		TEXT_ONLY_DIFFERENCE
57	8	STAGED_EXACT_8_FACTOR_PARSE	False	8		TEXT_ONLY_DIFFERENCE
58	8	STAGED_EXACT_8_FACTOR_PARSE	False	8		TEXT_ONLY_DIFFERENCE
59	8	STAGED_EXACT_8_FACTOR_PARSE	False	8		TEXT_ONLY_DIFFERENCE
60	8	STAGED_EXACT_8_FACTOR_PARSE	False	8		TEXT_ONLY_DIFFERENCE
61	8	STAGED_EXACT_8_FACTOR_PARSE	False	8		TEXT_ONLY_DIFFERENCE
62	8	STAGED_EXACT_8_FACTOR_PARSE	False	8		TEXT_ONLY_DIFFERENCE
63	8	STAGED_EXACT_8_FACTOR_PARSE	False	8		TEXT_ONLY_DIFFERENCE
64	8	STAGED_EXACT_8_FACTOR_PARSE	False	8		TEXT_ONLY_DIFFERENCE
65	8	STAGED_EXACT_8_FACTOR_PARSE	False	8		TEXT_ONLY_DIFFERENCE
66	8	STAGED_EXACT_8_FACTOR_PARSE	False	8		TEXT_ONLY_DIFFERENCE
67	8	STAGED_EXACT_8_FACTOR_PARSE	False	8		TEXT_ONLY_DIFFERENCE
68	8	STAGED_EXACT_8_FACTOR_PARSE	False	8		TEXT_ONLY_DIFFERENCE
69	8	STAGED_EXACT_8_FACTOR_PARSE	True	8		EXACT_CANONICAL_MATCH
70	8	STAGED_EXACT_8_FACTOR_PARSE	False	8		TEXT_ONLY_DIFFERENCE
71	8	STAGED_EXACT_8_FACTOR_PARSE	False	8		TEXT_ONLY_DIFFERENCE
72	8	STAGED_EXACT_8_FACTOR_PARSE	False	8		TEXT_ONLY_DIFFERENCE
73	8	STAGED_EXACT_8_FACTOR_PARSE	False	8		TEXT_ONLY_DIFFERENCE
74	8	STAGED_EXACT_8_FACTOR_PARSE	False	8		TEXT_ONLY_DIFFERENCE
75	8	STAGED_EXACT_8_FACTOR_PARSE	False	8		TEXT_ONLY_DIFFERENCE
76	8	STAGED_EXACT_8_FACTOR_PARSE	False	8		TEXT_ONLY_DIFFERENCE
77	8	STAGED_EXACT_8_FACTOR_PARSE	False	8		TEXT_ONLY_DIFFERENCE
78	8	STAGED_EXACT_8_FACTOR_PARSE	False	8		TEXT_ONLY_DIFFERENCE
79	8	STAGED_EXACT_8_FACTOR_PARSE	False	8		TEXT_ONLY_DIFFERENCE
80	8	STAGED_EXACT_8_FACTOR_PARSE	False	8		TEXT_ONLY_DIFFERENCE
81	8	STAGED_EXACT_8_FACTOR_PARSE	False	8		TEXT_ONLY_DIFFERENCE
82	8	STAGED_EXACT_8_FACTOR_PARSE	False	8		TEXT_ONLY_DIFFERENCE
83	8	STAGED_EXACT_8_FACTOR_PARSE	False	8		TEXT_ONLY_DIFFERENCE
84	8	STAGED_EXACT_8_FACTOR_PARSE	False	8		TEXT_ONLY_DIFFERENCE
85	8	STAGED_EXACT_8_FACTOR_PARSE	False	8		TEXT_ONLY_DIFFERENCE
86	8	STAGED_EXACT_8_FACTOR_PARSE	False	8		TEXT_ONLY_DIFFERENCE
87	8	STAGED_EXACT_8_FACTOR_PARSE	False	8		TEXT_ONLY_DIFFERENCE
88	8	STAGED_EXACT_8_FACTOR_PARSE	False	8		TEXT_ONLY_DIFFERENCE
89	8	STAGED_EXACT_8_FACTOR_PARSE	False	8		TEXT_ONLY_DIFFERENCE
90	8	STAGED_EXACT_8_FACTOR_PARSE	False	8		TEXT_ONLY_DIFFERENCE
91	8	STAGED_EXACT_8_FACTOR_PARSE	False	8		TEXT_ONLY_DIFFERENCE
92	8	STAGED_EXACT_8_FACTOR_PARSE	False	8		TEXT_ONLY_DIFFERENCE
93	8	STAGED_EXACT_8_FACTOR_PARSE	True	8		EXACT_CANONICAL_MATCH
94	8	STAGED_EXACT_8_FACTOR_PARSE	False	8		TEXT_ONLY_DIFFERENCE
95	8	STAGED_EXACT_8_FACTOR_PARSE	False	8		TEXT_ONLY_DIFFERENCE
96	8	STAGED_EXACT_8_FACTOR_PARSE	False	8		TEXT_ONLY_DIFFERENCE
97	8	STAGED_EXACT_8_FACTOR_PARSE	False	8		TEXT_ONLY_DIFFERENCE
98	8	STAGED_EXACT_8_FACTOR_PARSE	False	8		TEXT_ONLY_DIFFERENCE
99	8	STAGED_EXACT_8_FACTOR_PARSE	False	8		TEXT_ONLY_DIFFERENCE
100	8	STAGED_EXACT_8_FACTOR_PARSE	False	8		TEXT_ONLY_DIFFERENCE
101	8	STAGED_EXACT_8_FACTOR_PARSE	False	8		TEXT_ONLY_DIFFERENCE
102	8	STAGED_EXACT_8_FACTOR_PARSE	False	8		TEXT_ONLY_DIFFERENCE
103	8	STAGED_EXACT_8_FACTOR_PARSE	False	8		TEXT_ONLY_DIFFERENCE
104	8	STAGED_EXACT_8_FACTOR_PARSE	False	8		TEXT_ONLY_DIFFERENCE
105	8	STAGED_EXACT_8_FACTOR_PARSE	False	8		TEXT_ONLY_DIFFERENCE
106	8	STAGED_EXACT_8_FACTOR_PARSE	False	8		TEXT_ONLY_DIFFERENCE
107	8	STAGED_EXACT_8_FACTOR_PARSE	False	8		TEXT_ONLY_DIFFERENCE
108	8	STAGED_EXACT_8_FACTOR_PARSE	False	8		TEXT_ONLY_DIFFERENCE
109	8	STAGED_EXACT_8_FACTOR_PARSE	False	8		TEXT_ONLY_DIFFERENCE
110	8	STAGED_EXACT_8_FACTOR_PARSE	False	8		TEXT_ONLY_DIFFERENCE
111	8	STAGED_EXACT_8_FACTOR_PARSE	False	8		TEXT_ONLY_DIFFERENCE
112	8	STAGED_EXACT_8_FACTOR_PARSE	False	8		TEXT_ONLY_DIFFERENCE
113	8	STAGED_EXACT_8_FACTOR_PARSE	False	8		TEXT_ONLY_DIFFERENCE
114	8	STAGED_EXACT_8_FACTOR_PARSE	False	8		TEXT_ONLY_DIFFERENCE
115	8	STAGED_EXACT_8_FACTOR_PARSE	False	8		TEXT_ONLY_DIFFERENCE
116	8	STAGED_EXACT_8_FACTOR_PARSE	False	8		TEXT_ONLY_DIFFERENCE
117	8	STAGED_EXACT_8_FACTOR_PARSE	False	8		TEXT_ONLY_DIFFERENCE
118	8	STAGED_EXACT_8_FACTOR_PARSE	False	8		TEXT_ONLY_DIFFERENCE
119	8	STAGED_EXACT_8_FACTOR_PARSE	False	8		TEXT_ONLY_DIFFERENCE
120	8	STAGED_EXACT_8_FACTOR_PARSE	False	8		TEXT_ONLY_DIFFERENCE
121	8	STAGED_EXACT_8_FACTOR_PARSE	False	8		TEXT_ONLY_DIFFERENCE
122	8	STAGED_EXACT_8_FACTOR_PARSE	False	8		TEXT_ONLY_DIFFERENCE
123	8	STAGED_EXACT_8_FACTOR_PARSE	False	8		TEXT_ONLY_DIFFERENCE
124	8	STAGED_EXACT_8_FACTOR_PARSE	False	8		TEXT_ONLY_DIFFERENCE
125	8	STAGED_EXACT_8_FACTOR_PARSE	False	8		TEXT_ONLY_DIFFERENCE
126	8	STAGED_EXACT_8_FACTOR_PARSE	False	8		TEXT_ONLY_DIFFERENCE
127	8	STAGED_EXACT_8_FACTOR_PARSE	False	8		PARAMETER_RENAMING_DIFFERENCE
128	8	STAGED_EXACT_8_FACTOR_PARSE	False	8		TEXT_ONLY_DIFFERENCE
129	8	STAGED_EXACT_8_FACTOR_PARSE	False	8		TEXT_ONLY_DIFFERENCE
130	8	STAGED_EXACT_8_FACTOR_PARSE	False	8		TEXT_ONLY_DIFFERENCE
131	8	STAGED_EXACT_8_FACTOR_PARSE	False	8		TEXT_ONLY_DIFFERENCE
132	8	STAGED_EXACT_8_FACTOR_PARSE	False	8		TEXT_ONLY_DIFFERENCE
133	8	STAGED_EXACT_8_FACTOR_PARSE	False	8		TEXT_ONLY_DIFFERENCE
134	8	STAGED_EXACT_8_FACTOR_PARSE	False	8		TEXT_ONLY_DIFFERENCE
135	8	STAGED_EXACT_8_FACTOR_PARSE	False	8		TEXT_ONLY_DIFFERENCE
136	8	STAGED_EXACT_8_FACTOR_PARSE	False	8		TEXT_ONLY_DIFFERENCE
137	8	STAGED_EXACT_8_FACTOR_PARSE	False	8		TEXT_ONLY_DIFFERENCE
138	8	STAGED_EXACT_8_FACTOR_PARSE	False	8		TEXT_ONLY_DIFFERENCE
139	8	STAGED_EXACT_8_FACTOR_PARSE	False	8		TEXT_ONLY_DIFFERENCE
140	8	STAGED_EXACT_8_FACTOR_PARSE	False	8		TEXT_ONLY_DIFFERENCE
141	8	STAGED_EXACT_8_FACTOR_PARSE	False	8		TEXT_ONLY_DIFFERENCE
142	8	STAGED_EXACT_8_FACTOR_PARSE	False	8		TEXT_ONLY_DIFFERENCE
143	8	STAGED_EXACT_8_FACTOR_PARSE	False	8		TEXT_ONLY_DIFFERENCE
144	8	STAGED_EXACT_8_FACTOR_PARSE	False	8		TEXT_ONLY_DIFFERENCE
145	8	STAGED_EXACT_8_FACTOR_PARSE	False	8		TEXT_ONLY_DIFFERENCE
146	8	STAGED_EXACT_8_FACTOR_PARSE	False	8		TEXT_ONLY_DIFFERENCE
147	8	STAGED_EXACT_8_FACTOR_PARSE	False	8		TEXT_ONLY_DIFFERENCE
148	8	STAGED_EXACT_8_FACTOR_PARSE	False	8		TEXT_ONLY_DIFFERENCE
149	8	STAGED_EXACT_8_FACTOR_PARSE	False	8		TEXT_ONLY_DIFFERENCE
150	8	STAGED_EXACT_8_FACTOR_PARSE	False	8		TEXT_ONLY_DIFFERENCE
151	8	STAGED_EXACT_8_FACTOR_PARSE	False	8		TEXT_ONLY_DIFFERENCE
152	8	STAGED_EXACT_8_FACTOR_PARSE	False	8		TEXT_ONLY_DIFFERENCE
153	8	STAGED_EXACT_8_FACTOR_PARSE	False	8		TEXT_ONLY_DIFFERENCE
154	8	STAGED_EXACT_8_FACTOR_PARSE	False	8		TEXT_ONLY_DIFFERENCE
155	8	STAGED_EXACT_8_FACTOR_PARSE	False	8		PARAMETER_RENAMING_DIFFERENCE
156	8	STAGED_EXACT_8_FACTOR_PARSE	False	8		TEXT_ONLY_DIFFERENCE
157	8	STAGED_EXACT_8_FACTOR_PARSE	False	8		TEXT_ONLY_DIFFERENCE
158	8	STAGED_EXACT_8_FACTOR_PARSE	False	8		TEXT_ONLY_DIFFERENCE
159	8	STAGED_EXACT_8_FACTOR_PARSE	False	8		TEXT_ONLY_DIFFERENCE
160	8	STAGED_EXACT_8_FACTOR_PARSE	False	8		TEXT_ONLY_DIFFERENCE
161	8	STAGED_EXACT_8_FACTOR_PARSE	False	8		TEXT_ONLY_DIFFERENCE
162	8	STAGED_EXACT_8_FACTOR_PARSE	False	8		TEXT_ONLY_DIFFERENCE
163	8	STAGED_EXACT_8_FACTOR_PARSE	False	8		TEXT_ONLY_DIFFERENCE
164	8	STAGED_EXACT_8_FACTOR_PARSE	False	8		TEXT_ONLY_DIFFERENCE
165	8	STAGED_EXACT_8_FACTOR_PARSE	False	8		TEXT_ONLY_DIFFERENCE
166	8	STAGED_EXACT_8_FACTOR_PARSE	False	8		TEXT_ONLY_DIFFERENCE
167	8	STAGED_EXACT_8_FACTOR_PARSE	False	8		TEXT_ONLY_DIFFERENCE
168	8	STAGED_EXACT_8_FACTOR_PARSE	False	8		TEXT_ONLY_DIFFERENCE
169	8	STAGED_EXACT_8_FACTOR_PARSE	False	8		TEXT_ONLY_DIFFERENCE
170	8	STAGED_EXACT_8_FACTOR_PARSE	False	8		TEXT_ONLY_DIFFERENCE
171	8	STAGED_EXACT_8_FACTOR_PARSE	False	8		TEXT_ONLY_DIFFERENCE
172	8	STAGED_EXACT_8_FACTOR_PARSE	False	8		TEXT_ONLY_DIFFERENCE
173	8	STAGED_EXACT_8_FACTOR_PARSE	False	8		TEXT_ONLY_DIFFERENCE
174	8	STAGED_EXACT_8_FACTOR_PARSE	False	8		TEXT_ONLY_DIFFERENCE
175	8	STAGED_EXACT_8_FACTOR_PARSE	False	8		TEXT_ONLY_DIFFERENCE
176	8	STAGED_EXACT_8_FACTOR_PARSE	False	8		TEXT_ONLY_DIFFERENCE
177	8	STAGED_EXACT_8_FACTOR_PARSE	False	8		TEXT_ONLY_DIFFERENCE
178	8	STAGED_EXACT_8_FACTOR_PARSE	False	8		TEXT_ONLY_DIFFERENCE
179	8	STAGED_EXACT_8_FACTOR_PARSE	False	8		TEXT_ONLY_DIFFERENCE
180	8	STAGED_EXACT_8_FACTOR_PARSE	False	8		TEXT_ONLY_DIFFERENCE
181	8	STAGED_EXACT_8_FACTOR_PARSE	False	8		TEXT_ONLY_DIFFERENCE
182	8	STAGED_EXACT_8_FACTOR_PARSE	False	8		TEXT_ONLY_DIFFERENCE
183	8	STAGED_EXACT_8_FACTOR_PARSE	False	8		TEXT_ONLY_DIFFERENCE
184	8	STAGED_EXACT_8_FACTOR_PARSE	False	8		TEXT_ONLY_DIFFERENCE
185	8	STAGED_EXACT_8_FACTOR_PARSE	False	8		TEXT_ONLY_DIFFERENCE
186	8	STAGED_EXACT_8_FACTOR_PARSE	False	8		TEXT_ONLY_DIFFERENCE
187	8	STAGED_EXACT_8_FACTOR_PARSE	False	8		TEXT_ONLY_DIFFERENCE
188	8	STAGED_EXACT_8_FACTOR_PARSE	False	8		TEXT_ONLY_DIFFERENCE
189	8	STAGED_EXACT_8_FACTOR_PARSE	False	8		TEXT_ONLY_DIFFERENCE
190	8	STAGED_EXACT_8_FACTOR_PARSE	False	8		TEXT_ONLY_DIFFERENCE
191	8	STAGED_EXACT_8_FACTOR_PARSE	False	8		TEXT_ONLY_DIFFERENCE
192	8	STAGED_EXACT_8_FACTOR_PARSE	False	8		TEXT_ONLY_DIFFERENCE
193	8	STAGED_EXACT_8_FACTOR_PARSE	False	8		TEXT_ONLY_DIFFERENCE
194	8	STAGED_EXACT_8_FACTOR_PARSE	False	8		TEXT_ONLY_DIFFERENCE
195	8	STAGED_EXACT_8_FACTOR_PARSE	False	8		TEXT_ONLY_DIFFERENCE
196	8	STAGED_EXACT_8_FACTOR_PARSE	False	8		TEXT_ONLY_DIFFERENCE
197	8	STAGED_EXACT_8_FACTOR_PARSE	False	8		TEXT_ONLY_DIFFERENCE
198	8	STAGED_EXACT_8_FACTOR_PARSE	False	8		TEXT_ONLY_DIFFERENCE
199	8	STAGED_EXACT_8_FACTOR_PARSE	False	8		TEXT_ONLY_DIFFERENCE
200	8	STAGED_EXACT_8_FACTOR_PARSE	False	8		TEXT_ONLY_DIFFERENCE
201	8	STAGED_EXACT_8_FACTOR_PARSE	False	8		TEXT_ONLY_DIFFERENCE
202	8	STAGED_EXACT_8_FACTOR_PARSE	False	8		TEXT_ONLY_DIFFERENCE
203	8	STAGED_EXACT_8_FACTOR_PARSE	False	8		TEXT_ONLY_DIFFERENCE
204	8	STAGED_EXACT_8_FACTOR_PARSE	False	8		TEXT_ONLY_DIFFERENCE
205	8	STAGED_EXACT_8_FACTOR_PARSE	False	8		TEXT_ONLY_DIFFERENCE
206	8	STAGED_EXACT_8_FACTOR_PARSE	False	8		TEXT_ONLY_DIFFERENCE
207	8	STAGED_EXACT_8_FACTOR_PARSE	False	8		TEXT_ONLY_DIFFERENCE
208	8	STAGED_EXACT_8_FACTOR_PARSE	False	8		TEXT_ONLY_DIFFERENCE
209	8	STAGED_EXACT_8_FACTOR_PARSE	False	8		TEXT_ONLY_DIFFERENCE
210	8	STAGED_EXACT_8_FACTOR_PARSE	False	8		TEXT_ONLY_DIFFERENCE
211	8	STAGED_EXACT_8_FACTOR_PARSE	False	8		TEXT_ONLY_DIFFERENCE
212	8	STAGED_EXACT_8_FACTOR_PARSE	False	8		TEXT_ONLY_DIFFERENCE
213	8	STAGED_EXACT_8_FACTOR_PARSE	False	8		TEXT_ONLY_DIFFERENCE
214	8	STAGED_EXACT_8_FACTOR_PARSE	False	8		TEXT_ONLY_DIFFERENCE
215	8	STAGED_EXACT_8_FACTOR_PARSE	False	8		TEXT_ONLY_DIFFERENCE
216	8	STAGED_EXACT_8_FACTOR_PARSE	False	8		TEXT_ONLY_DIFFERENCE
217	8	STAGED_EXACT_8_FACTOR_PARSE	False	8		TEXT_ONLY_DIFFERENCE
218	8	STAGED_EXACT_8_FACTOR_PARSE	False	8		TEXT_ONLY_DIFFERENCE
219	8	STAGED_EXACT_8_FACTOR_PARSE	False	8		TEXT_ONLY_DIFFERENCE
220	8	STAGED_EXACT_8_FACTOR_PARSE	False	8		TEXT_ONLY_DIFFERENCE
221	8	STAGED_EXACT_8_FACTOR_PARSE	False	8		TEXT_ONLY_DIFFERENCE
222	8	STAGED_EXACT_8_FACTOR_PARSE	False	8		TEXT_ONLY_DIFFERENCE
223	8	STAGED_EXACT_8_FACTOR_PARSE	False	8		TEXT_ONLY_DIFFERENCE
224	8	STAGED_EXACT_8_FACTOR_PARSE	False	8		TEXT_ONLY_DIFFERENCE
225	8	STAGED_EXACT_8_FACTOR_PARSE	False	8		TEXT_ONLY_DIFFERENCE
226	8	STAGED_EXACT_8_FACTOR_PARSE	False	8		TEXT_ONLY_DIFFERENCE
227	8	STAGED_EXACT_8_FACTOR_PARSE	False	8		TEXT_ONLY_DIFFERENCE
228	8	STAGED_EXACT_8_FACTOR_PARSE	False	8		TEXT_ONLY_DIFFERENCE
229	8	STAGED_EXACT_8_FACTOR_PARSE	False	8		TEXT_ONLY_DIFFERENCE
230	8	STAGED_EXACT_8_FACTOR_PARSE	False	8		TEXT_ONLY_DIFFERENCE
231	8	STAGED_EXACT_8_FACTOR_PARSE	False	8		TEXT_ONLY_DIFFERENCE
232	8	STAGED_EXACT_8_FACTOR_PARSE	False	8		TEXT_ONLY_DIFFERENCE
233	8	STAGED_EXACT_8_FACTOR_PARSE	False	8		TEXT_ONLY_DIFFERENCE
234	8	STAGED_EXACT_8_FACTOR_PARSE	False	8		TEXT_ONLY_DIFFERENCE
235	8	STAGED_EXACT_8_FACTOR_PARSE	False	8		TEXT_ONLY_DIFFERENCE
236	8	STAGED_EXACT_8_FACTOR_PARSE	False	8		TEXT_ONLY_DIFFERENCE
237	8	STAGED_EXACT_8_FACTOR_PARSE	False	8		TEXT_ONLY_DIFFERENCE
238	8	STAGED_EXACT_8_FACTOR_PARSE	True	8		EXACT_CANONICAL_MATCH
239	8	STAGED_EXACT_8_FACTOR_PARSE	True	8		EXACT_CANONICAL_MATCH
240	8	STAGED_EXACT_8_FACTOR_PARSE	True	8		EXACT_CANONICAL_MATCH
241	8	STAGED_EXACT_8_FACTOR_PARSE	True	8		EXACT_CANONICAL_MATCH
242	8	STAGED_EXACT_8_FACTOR_PARSE	False	8		TEXT_ONLY_DIFFERENCE
243	8	STAGED_EXACT_8_FACTOR_PARSE	False	8		TEXT_ONLY_DIFFERENCE
244	8	STAGED_EXACT_8_FACTOR_PARSE	False	8		TEXT_ONLY_DIFFERENCE
245	8	STAGED_EXACT_8_FACTOR_PARSE	True	8		EXACT_CANONICAL_MATCH
246	8	STAGED_EXACT_8_FACTOR_PARSE	False	8		TEXT_ONLY_DIFFERENCE
247	8	STAGED_EXACT_8_FACTOR_PARSE	False	8		TEXT_ONLY_DIFFERENCE
248	8	STAGED_EXACT_8_FACTOR_PARSE	False	8		TEXT_ONLY_DIFFERENCE
249	8	STAGED_EXACT_8_FACTOR_PARSE	False	8		TEXT_ONLY_DIFFERENCE
250	8	STAGED_EXACT_8_FACTOR_PARSE	False	8		TEXT_ONLY_DIFFERENCE
251	8	STAGED_EXACT_8_FACTOR_PARSE	False	8		TEXT_ONLY_DIFFERENCE
252	8	STAGED_EXACT_8_FACTOR_PARSE	False	8		TEXT_ONLY_DIFFERENCE
253	8	STAGED_EXACT_8_FACTOR_PARSE	False	8		TEXT_ONLY_DIFFERENCE
254	8	STAGED_EXACT_8_FACTOR_PARSE	False	8		TEXT_ONLY_DIFFERENCE
255	8	STAGED_EXACT_8_FACTOR_PARSE	False	8		TEXT_ONLY_DIFFERENCE
256	8	STAGED_EXACT_8_FACTOR_PARSE	False	8		TEXT_ONLY_DIFFERENCE
257	8	STAGED_EXACT_8_FACTOR_PARSE	False	8		TEXT_ONLY_DIFFERENCE
258	8	STAGED_EXACT_8_FACTOR_PARSE	False	8		TEXT_ONLY_DIFFERENCE
259	8	STAGED_EXACT_8_FACTOR_PARSE	False	8		TEXT_ONLY_DIFFERENCE
260	8	STAGED_EXACT_8_FACTOR_PARSE	False	8		PARAMETER_RENAMING_DIFFERENCE
261	8	STAGED_EXACT_8_FACTOR_PARSE	False	8		TEXT_ONLY_DIFFERENCE
262	8	STAGED_EXACT_8_FACTOR_PARSE	False	8		TEXT_ONLY_DIFFERENCE
263	8	STAGED_EXACT_8_FACTOR_PARSE	False	8		TEXT_ONLY_DIFFERENCE
264	8	STAGED_EXACT_8_FACTOR_PARSE	False	8		TEXT_ONLY_DIFFERENCE
265	8	STAGED_EXACT_8_FACTOR_PARSE	False	8		TEXT_ONLY_DIFFERENCE
266	8	STAGED_EXACT_8_FACTOR_PARSE	False	8		TEXT_ONLY_DIFFERENCE
267	8	STAGED_EXACT_8_FACTOR_PARSE	False	8		PARAMETER_RENAMING_DIFFERENCE
268	8	STAGED_EXACT_8_FACTOR_PARSE	False	8		TEXT_ONLY_DIFFERENCE
269	8	STAGED_EXACT_8_FACTOR_PARSE	False	8		PARAMETER_RENAMING_DIFFERENCE
270	8	STAGED_EXACT_8_FACTOR_PARSE	False	8		TEXT_ONLY_DIFFERENCE
271	8	STAGED_EXACT_8_FACTOR_PARSE	False	8		TEXT_ONLY_DIFFERENCE
272	8	STAGED_EXACT_8_FACTOR_PARSE	False	8		TEXT_ONLY_DIFFERENCE
273	8	STAGED_EXACT_8_FACTOR_PARSE	False	8		TEXT_ONLY_DIFFERENCE
274	8	STAGED_EXACT_8_FACTOR_PARSE	False	8		TEXT_ONLY_DIFFERENCE
275	8	STAGED_EXACT_8_FACTOR_PARSE	False	8		PARAMETER_RENAMING_DIFFERENCE
276	8	STAGED_EXACT_8_FACTOR_PARSE	False	8		TEXT_ONLY_DIFFERENCE
277	8	STAGED_EXACT_8_FACTOR_PARSE	False	8		TEXT_ONLY_DIFFERENCE
278	8	STAGED_EXACT_8_FACTOR_PARSE	False	8		TEXT_ONLY_DIFFERENCE
279	8	STAGED_EXACT_8_FACTOR_PARSE	False	8		TEXT_ONLY_DIFFERENCE
280	8	STAGED_EXACT_8_FACTOR_PARSE	False	8		TEXT_ONLY_DIFFERENCE
281	8	STAGED_EXACT_8_FACTOR_PARSE	False	8		TEXT_ONLY_DIFFERENCE
282	8	STAGED_EXACT_8_FACTOR_PARSE	False	8		TEXT_ONLY_DIFFERENCE
283	8	STAGED_EXACT_8_FACTOR_PARSE	False	8		TEXT_ONLY_DIFFERENCE
284	8	STAGED_EXACT_8_FACTOR_PARSE	False	8		TEXT_ONLY_DIFFERENCE
285	8	STAGED_EXACT_8_FACTOR_PARSE	False	8		TEXT_ONLY_DIFFERENCE
286	8	STAGED_EXACT_8_FACTOR_PARSE	False	8		TEXT_ONLY_DIFFERENCE
287	8	STAGED_EXACT_8_FACTOR_PARSE	False	8		TEXT_ONLY_DIFFERENCE
288	8	STAGED_EXACT_8_FACTOR_PARSE	False	8		TEXT_ONLY_DIFFERENCE
289	8	STAGED_EXACT_8_FACTOR_PARSE	False	8		PARAMETER_RENAMING_DIFFERENCE
290	8	STAGED_EXACT_8_FACTOR_PARSE	False	8		TEXT_ONLY_DIFFERENCE
291	8	STAGED_EXACT_8_FACTOR_PARSE	False	8		TEXT_ONLY_DIFFERENCE
292	8	STAGED_EXACT_8_FACTOR_PARSE	False	8		TEXT_ONLY_DIFFERENCE
293	8	STAGED_EXACT_8_FACTOR_PARSE	False	8		TEXT_ONLY_DIFFERENCE
294	8	STAGED_EXACT_8_FACTOR_PARSE	False	8		TEXT_ONLY_DIFFERENCE
295	8	STAGED_EXACT_8_FACTOR_PARSE	False	8		TEXT_ONLY_DIFFERENCE
296	8	STAGED_EXACT_8_FACTOR_PARSE	False	8		TEXT_ONLY_DIFFERENCE
297	8	STAGED_EXACT_8_FACTOR_PARSE	False	8		TEXT_ONLY_DIFFERENCE
298	8	STAGED_EXACT_8_FACTOR_PARSE	False	8		TEXT_ONLY_DIFFERENCE
299	8	STAGED_EXACT_8_FACTOR_PARSE	False	8		TEXT_ONLY_DIFFERENCE
300	8	STAGED_EXACT_8_FACTOR_PARSE	False	8		TEXT_ONLY_DIFFERENCE
301	8	STAGED_EXACT_8_FACTOR_PARSE	False	8		TEXT_ONLY_DIFFERENCE
302	8	STAGED_EXACT_8_FACTOR_PARSE	False	8		TEXT_ONLY_DIFFERENCE
303	8	STAGED_EXACT_8_FACTOR_PARSE	False	8		TEXT_ONLY_DIFFERENCE
304	8	STAGED_EXACT_8_FACTOR_PARSE	False	8		TEXT_ONLY_DIFFERENCE
305	8	STAGED_EXACT_8_FACTOR_PARSE	False	8		TEXT_ONLY_DIFFERENCE
306	8	STAGED_EXACT_8_FACTOR_PARSE	False	8		TEXT_ONLY_DIFFERENCE
307	8	STAGED_EXACT_8_FACTOR_PARSE	False	8		TEXT_ONLY_DIFFERENCE
308	8	STAGED_EXACT_8_FACTOR_PARSE	False	8		TEXT_ONLY_DIFFERENCE
309	8	STAGED_EXACT_8_FACTOR_PARSE	False	8		TEXT_ONLY_DIFFERENCE
310	8	STAGED_EXACT_8_FACTOR_PARSE	False	8		TEXT_ONLY_DIFFERENCE
311	8	STAGED_EXACT_8_FACTOR_PARSE	False	8		TEXT_ONLY_DIFFERENCE
312	8	STAGED_EXACT_8_FACTOR_PARSE	False	8		TEXT_ONLY_DIFFERENCE
313	8	STAGED_EXACT_8_FACTOR_PARSE	False	8		TEXT_ONLY_DIFFERENCE
314	8	STAGED_EXACT_8_FACTOR_PARSE	False	8		TEXT_ONLY_DIFFERENCE
315	8	STAGED_EXACT_8_FACTOR_PARSE	False	8		TEXT_ONLY_DIFFERENCE
316	8	STAGED_EXACT_8_FACTOR_PARSE	False	8		TEXT_ONLY_DIFFERENCE
317	8	STAGED_EXACT_8_FACTOR_PARSE	False	8		PARAMETER_RENAMING_DIFFERENCE
318	8	STAGED_EXACT_8_FACTOR_PARSE	False	8		TEXT_ONLY_DIFFERENCE
319	8	STAGED_EXACT_8_FACTOR_PARSE	False	8		TEXT_ONLY_DIFFERENCE
320	8	STAGED_EXACT_8_FACTOR_PARSE	False	8		TEXT_ONLY_DIFFERENCE
321	8	STAGED_EXACT_8_FACTOR_PARSE	False	8		TEXT_ONLY_DIFFERENCE
322	8	STAGED_EXACT_8_FACTOR_PARSE	False	8		TEXT_ONLY_DIFFERENCE
323	8	STAGED_EXACT_8_FACTOR_PARSE	False	8		TEXT_ONLY_DIFFERENCE
324	8	STAGED_EXACT_8_FACTOR_PARSE	False	8		PARAMETER_RENAMING_DIFFERENCE
325	8	STAGED_EXACT_8_FACTOR_PARSE	False	8		PARAMETER_RENAMING_DIFFERENCE
326	8	STAGED_EXACT_8_FACTOR_PARSE	False	8		TEXT_ONLY_DIFFERENCE
327	8	STAGED_EXACT_8_FACTOR_PARSE	False	8		TEXT_ONLY_DIFFERENCE
328	8	STAGED_EXACT_8_FACTOR_PARSE	False	8		TEXT_ONLY_DIFFERENCE
329	8	STAGED_EXACT_8_FACTOR_PARSE	False	8		TEXT_ONLY_DIFFERENCE
330	8	STAGED_EXACT_8_FACTOR_PARSE	False	8		TEXT_ONLY_DIFFERENCE
331	8	STAGED_EXACT_8_FACTOR_PARSE	False	8		TEXT_ONLY_DIFFERENCE
332	8	STAGED_EXACT_8_FACTOR_PARSE	False	8		TEXT_ONLY_DIFFERENCE
333	8	STAGED_EXACT_8_FACTOR_PARSE	False	8		TEXT_ONLY_DIFFERENCE
334	8	STAGED_EXACT_8_FACTOR_PARSE	False	8		TEXT_ONLY_DIFFERENCE
335	8	STAGED_EXACT_8_FACTOR_PARSE	False	8		TEXT_ONLY_DIFFERENCE
336	8	STAGED_EXACT_8_FACTOR_PARSE	False	8		TEXT_ONLY_DIFFERENCE
337	8	STAGED_EXACT_8_FACTOR_PARSE	False	8		TEXT_ONLY_DIFFERENCE
338	8	STAGED_EXACT_8_FACTOR_PARSE	False	8		TEXT_ONLY_DIFFERENCE
339	8	STAGED_EXACT_8_FACTOR_PARSE	False	8		TEXT_ONLY_DIFFERENCE
340	8	STAGED_EXACT_8_FACTOR_PARSE	False	8		TEXT_ONLY_DIFFERENCE
341	8	STAGED_EXACT_8_FACTOR_PARSE	False	8		TEXT_ONLY_DIFFERENCE
342	8	STAGED_EXACT_8_FACTOR_PARSE	False	8		TEXT_ONLY_DIFFERENCE
343	8	STAGED_EXACT_8_FACTOR_PARSE	False	8		TEXT_ONLY_DIFFERENCE
344	8	STAGED_EXACT_8_FACTOR_PARSE	False	8		TEXT_ONLY_DIFFERENCE
345	8	STAGED_EXACT_8_FACTOR_PARSE	False	8		TEXT_ONLY_DIFFERENCE
346	8	STAGED_EXACT_8_FACTOR_PARSE	False	8		TEXT_ONLY_DIFFERENCE
347	8	STAGED_EXACT_8_FACTOR_PARSE	False	8		TEXT_ONLY_DIFFERENCE
348	8	STAGED_EXACT_8_FACTOR_PARSE	False	8		TEXT_ONLY_DIFFERENCE
349	8	STAGED_EXACT_8_FACTOR_PARSE	False	8		TEXT_ONLY_DIFFERENCE
350	8	STAGED_EXACT_8_FACTOR_PARSE	False	8		TEXT_ONLY_DIFFERENCE
351	8	STAGED_EXACT_8_FACTOR_PARSE	False	8		TEXT_ONLY_DIFFERENCE
352	8	STAGED_EXACT_8_FACTOR_PARSE	False	8		TEXT_ONLY_DIFFERENCE
353	8	STAGED_EXACT_8_FACTOR_PARSE	False	8		TEXT_ONLY_DIFFERENCE
354	8	STAGED_EXACT_8_FACTOR_PARSE	False	8		TEXT_ONLY_DIFFERENCE
355	8	STAGED_EXACT_8_FACTOR_PARSE	False	8		TEXT_ONLY_DIFFERENCE
356	8	STAGED_EXACT_8_FACTOR_PARSE	False	8		TEXT_ONLY_DIFFERENCE
357	8	STAGED_EXACT_8_FACTOR_PARSE	False	8		TEXT_ONLY_DIFFERENCE
358	8	STAGED_EXACT_8_FACTOR_PARSE	False	8		TEXT_ONLY_DIFFERENCE
359	8	STAGED_EXACT_8_FACTOR_PARSE	False	8		TEXT_ONLY_DIFFERENCE
360	8	STAGED_EXACT_8_FACTOR_PARSE	False	8		TEXT_ONLY_DIFFERENCE
361	8	STAGED_EXACT_8_FACTOR_PARSE	False	8		TEXT_ONLY_DIFFERENCE
362	8	STAGED_EXACT_8_FACTOR_PARSE	False	8		TEXT_ONLY_DIFFERENCE
363	8	STAGED_EXACT_8_FACTOR_PARSE	False	8		TEXT_ONLY_DIFFERENCE
364	8	STAGED_EXACT_8_FACTOR_PARSE	False	8		TEXT_ONLY_DIFFERENCE
365	8	STAGED_EXACT_8_FACTOR_PARSE	False	8		TEXT_ONLY_DIFFERENCE
366	8	STAGED_EXACT_8_FACTOR_PARSE	False	8		TEXT_ONLY_DIFFERENCE
367	8	STAGED_EXACT_8_FACTOR_PARSE	False	8		TEXT_ONLY_DIFFERENCE
368	8	STAGED_EXACT_8_FACTOR_PARSE	False	8		TEXT_ONLY_DIFFERENCE
369	8	STAGED_EXACT_8_FACTOR_PARSE	False	8		TEXT_ONLY_DIFFERENCE
370	8	STAGED_EXACT_8_FACTOR_PARSE	False	8		TEXT_ONLY_DIFFERENCE
371	8	STAGED_EXACT_8_FACTOR_PARSE	False	8		TEXT_ONLY_DIFFERENCE
372	8	STAGED_EXACT_8_FACTOR_PARSE	False	8		TEXT_ONLY_DIFFERENCE
373	8	STAGED_EXACT_8_FACTOR_PARSE	False	8		TEXT_ONLY_DIFFERENCE
374	8	STAGED_EXACT_8_FACTOR_PARSE	False	8		PARAMETER_RENAMING_DIFFERENCE
375	8	STAGED_EXACT_8_FACTOR_PARSE	False	8		TEXT_ONLY_DIFFERENCE
376	8	STAGED_EXACT_8_FACTOR_PARSE	False	8		TEXT_ONLY_DIFFERENCE
377	8	STAGED_EXACT_8_FACTOR_PARSE	False	8		TEXT_ONLY_DIFFERENCE
378	8	STAGED_EXACT_8_FACTOR_PARSE	False	8		TEXT_ONLY_DIFFERENCE
379	8	STAGED_EXACT_8_FACTOR_PARSE	False	8		TEXT_ONLY_DIFFERENCE
380	8	STAGED_EXACT_8_FACTOR_PARSE	False	8		TEXT_ONLY_DIFFERENCE
381	8	STAGED_EXACT_8_FACTOR_PARSE	False	8		TEXT_ONLY_DIFFERENCE
382	8	STAGED_EXACT_8_FACTOR_PARSE	False	8		TEXT_ONLY_DIFFERENCE
383	8	STAGED_EXACT_8_FACTOR_PARSE	False	8		TEXT_ONLY_DIFFERENCE
384	8	STAGED_EXACT_8_FACTOR_PARSE	False	8		TEXT_ONLY_DIFFERENCE
385	8	STAGED_EXACT_8_FACTOR_PARSE	False	8		PARAMETER_RENAMING_DIFFERENCE
386	8	STAGED_EXACT_8_FACTOR_PARSE	False	8		PARAMETER_RENAMING_DIFFERENCE
387	8	STAGED_EXACT_8_FACTOR_PARSE	False	8		TEXT_ONLY_DIFFERENCE
388	8	STAGED_EXACT_8_FACTOR_PARSE	False	8		TEXT_ONLY_DIFFERENCE
389	8	STAGED_EXACT_8_FACTOR_PARSE	False	8		TEXT_ONLY_DIFFERENCE
390	8	STAGED_EXACT_8_FACTOR_PARSE	False	8		TEXT_ONLY_DIFFERENCE
391	8	STAGED_EXACT_8_FACTOR_PARSE	False	8		TEXT_ONLY_DIFFERENCE
392	8	STAGED_EXACT_8_FACTOR_PARSE	False	8		TEXT_ONLY_DIFFERENCE
393	8	STAGED_EXACT_8_FACTOR_PARSE	False	8		TEXT_ONLY_DIFFERENCE
394	8	STAGED_EXACT_8_FACTOR_PARSE	False	8		TEXT_ONLY_DIFFERENCE
395	8	STAGED_EXACT_8_FACTOR_PARSE	False	8		PARAMETER_RENAMING_DIFFERENCE
396	8	STAGED_EXACT_8_FACTOR_PARSE	False	8		PARAMETER_RENAMING_DIFFERENCE
397	8	STAGED_EXACT_8_FACTOR_PARSE	False	8		TEXT_ONLY_DIFFERENCE
398	8	STAGED_EXACT_8_FACTOR_PARSE	False	8		TEXT_ONLY_DIFFERENCE
399	8	STAGED_EXACT_8_FACTOR_PARSE	False	8		TEXT_ONLY_DIFFERENCE
400	8	STAGED_EXACT_8_FACTOR_PARSE	False	8		TEXT_ONLY_DIFFERENCE
401	8	STAGED_EXACT_8_FACTOR_PARSE	False	8		TEXT_ONLY_DIFFERENCE
402	8	STAGED_EXACT_8_FACTOR_PARSE	False	8		PARAMETER_RENAMING_DIFFERENCE
403	8	STAGED_EXACT_8_FACTOR_PARSE	False	8		TEXT_ONLY_DIFFERENCE
404	8	STAGED_EXACT_8_FACTOR_PARSE	False	8		PARAMETER_RENAMING_DIFFERENCE
405	8	STAGED_EXACT_8_FACTOR_PARSE	False	8		TEXT_ONLY_DIFFERENCE
406	8	STAGED_EXACT_8_FACTOR_PARSE	False	8		TEXT_ONLY_DIFFERENCE
407	8	STAGED_EXACT_8_FACTOR_PARSE	False	8		TEXT_ONLY_DIFFERENCE
408	8	STAGED_EXACT_8_FACTOR_PARSE	False	8		TEXT_ONLY_DIFFERENCE
409	8	STAGED_EXACT_8_FACTOR_PARSE	False	8		TEXT_ONLY_DIFFERENCE
410	8	STAGED_EXACT_8_FACTOR_PARSE	False	8		TEXT_ONLY_DIFFERENCE
411	8	STAGED_EXACT_8_FACTOR_PARSE	False	8		TEXT_ONLY_DIFFERENCE
412	8	STAGED_EXACT_8_FACTOR_PARSE	False	8		TEXT_ONLY_DIFFERENCE
413	8	STAGED_EXACT_8_FACTOR_PARSE	False	8		TEXT_ONLY_DIFFERENCE
414	8	STAGED_EXACT_8_FACTOR_PARSE	False	8		TEXT_ONLY_DIFFERENCE
415	8	STAGED_EXACT_8_FACTOR_PARSE	False	8		TEXT_ONLY_DIFFERENCE
416	8	STAGED_EXACT_8_FACTOR_PARSE	False	8		TEXT_ONLY_DIFFERENCE
417	8	STAGED_EXACT_8_FACTOR_PARSE	False	8		TEXT_ONLY_DIFFERENCE
418	8	STAGED_EXACT_8_FACTOR_PARSE	False	8		TEXT_ONLY_DIFFERENCE
419	8	STAGED_EXACT_8_FACTOR_PARSE	False	8		TEXT_ONLY_DIFFERENCE
420	8	STAGED_EXACT_8_FACTOR_PARSE	False	8		TEXT_ONLY_DIFFERENCE
421	8	STAGED_EXACT_8_FACTOR_PARSE	False	8		TEXT_ONLY_DIFFERENCE
422	8	STAGED_EXACT_8_FACTOR_PARSE	False	8		TEXT_ONLY_DIFFERENCE
423	8	STAGED_EXACT_8_FACTOR_PARSE	False	8		TEXT_ONLY_DIFFERENCE
424	8	STAGED_EXACT_8_FACTOR_PARSE	False	8		TEXT_ONLY_DIFFERENCE
425	8	STAGED_EXACT_8_FACTOR_PARSE	False	8		TEXT_ONLY_DIFFERENCE
426	8	STAGED_EXACT_8_FACTOR_PARSE	False	8		TEXT_ONLY_DIFFERENCE
427	8	STAGED_EXACT_8_FACTOR_PARSE	False	8		TEXT_ONLY_DIFFERENCE
428	8	STAGED_EXACT_8_FACTOR_PARSE	False	8		TEXT_ONLY_DIFFERENCE
429	8	STAGED_EXACT_8_FACTOR_PARSE	False	8		TEXT_ONLY_DIFFERENCE
430	8	STAGED_EXACT_8_FACTOR_PARSE	False	8		TEXT_ONLY_DIFFERENCE
431	8	STAGED_EXACT_8_FACTOR_PARSE	False	8		TEXT_ONLY_DIFFERENCE
432	8	STAGED_EXACT_8_FACTOR_PARSE	False	8		TEXT_ONLY_DIFFERENCE
433	8	STAGED_EXACT_8_FACTOR_PARSE	False	8		TEXT_ONLY_DIFFERENCE
434	8	STAGED_EXACT_8_FACTOR_PARSE	False	8		TEXT_ONLY_DIFFERENCE
435	8	STAGED_EXACT_8_FACTOR_PARSE	False	8		TEXT_ONLY_DIFFERENCE
436	8	STAGED_EXACT_8_FACTOR_PARSE	False	8		TEXT_ONLY_DIFFERENCE
437	8	STAGED_EXACT_8_FACTOR_PARSE	False	8		TEXT_ONLY_DIFFERENCE
438	8	STAGED_EXACT_8_FACTOR_PARSE	False	8		TEXT_ONLY_DIFFERENCE
439	8	STAGED_EXACT_8_FACTOR_PARSE	False	8		TEXT_ONLY_DIFFERENCE
440	8	STAGED_EXACT_8_FACTOR_PARSE	False	8		TEXT_ONLY_DIFFERENCE
441	8	STAGED_EXACT_8_FACTOR_PARSE	False	8		TEXT_ONLY_DIFFERENCE
442	8	STAGED_EXACT_8_FACTOR_PARSE	False	8		TEXT_ONLY_DIFFERENCE
443	8	STAGED_EXACT_8_FACTOR_PARSE	False	8		TEXT_ONLY_DIFFERENCE
444	8	STAGED_EXACT_8_FACTOR_PARSE	False	8		TEXT_ONLY_DIFFERENCE
445	8	STAGED_EXACT_8_FACTOR_PARSE	False	8		TEXT_ONLY_DIFFERENCE
446	8	STAGED_EXACT_8_FACTOR_PARSE	False	8		TEXT_ONLY_DIFFERENCE
447	8	STAGED_EXACT_8_FACTOR_PARSE	False	8		TEXT_ONLY_DIFFERENCE
448	8	STAGED_EXACT_8_FACTOR_PARSE	False	8		TEXT_ONLY_DIFFERENCE
449	8	STAGED_EXACT_8_FACTOR_PARSE	False	8		TEXT_ONLY_DIFFERENCE
450	8	STAGED_EXACT_8_FACTOR_PARSE	False	8		TEXT_ONLY_DIFFERENCE
451	8	STAGED_EXACT_8_FACTOR_PARSE	False	13	451:unbalanced_parenthesis_inside_fraction_argument	HISTORICAL_PARSER_ERROR
452	8	STAGED_EXACT_8_FACTOR_PARSE	False	8		ALGEBRAIC_CONSTANT_NORMALIZATION_DIFFERENCE
453	8	STAGED_EXACT_8_FACTOR_PARSE	False	8		ALGEBRAIC_CONSTANT_NORMALIZATION_DIFFERENCE
454	8	STAGED_EXACT_8_FACTOR_PARSE	False	8		TEXT_ONLY_DIFFERENCE
455	8	STAGED_EXACT_8_FACTOR_PARSE	False	8		PARAMETER_RENAMING_DIFFERENCE
