claim_level	directed	evidence_type	join_state	relationship_id	relationship_type	source_id	target_id
source_reported_or_computational	YES	arrangement_label	matched_repo_local	universe_relationship:83f24160bf7d4b78ab5edc3589cfc2c5a6abd5a7c586b6472c5c3984504fd24a	source_crosswalk	ckc:1	cynk_meyer_table1:1
source_reported_or_computational	YES	arrangement_label	matched_repo_local	universe_relationship:fce922bc469c4a8705a7eaa7544c3d0722285af941a01dae951e6e0fd74cddb4	source_crosswalk	ckc:2	cynk_meyer_table1:2
source_reported_or_computational	YES	arrangement_label	matched_repo_local	universe_relationship:3540103a417172092495bc0d19e17cbb16c74842a101bbf7d8e618e255a40340	source_crosswalk	ckc:3	cynk_meyer_table1:3
source_reported_or_computational	YES	arrangement_label	matched_repo_local	universe_relationship:7973cb2e44284b211b67fa1bf9e5c479800f55ffeb854d86bf63f7f987bcc58f	source_crosswalk	ckc:4	cynk_meyer_table1:4
source_reported_or_computational	YES	arrangement_label	matched_repo_local	universe_relationship:90dca06252e5baee7ec318738d6a9cbccf544dd8b97cb66641293db8706e7149	source_crosswalk	ckc:5	cynk_meyer_table1:5
source_reported_or_computational	YES	arrangement_label	matched_repo_local	universe_relationship:74e8e2afe40657b0371d4329b693f923d473bf6a00a3ebe407f5c2c872f0c5b6	source_crosswalk	ckc:6	cynk_meyer_table1:6
source_reported_or_computational	YES	arrangement_label	matched_repo_local	universe_relationship:1148c9fa72aa3c29abfe9fc6e85fd8277cbf043811c4229d656ecf7e7fbf991f	source_crosswalk	ckc:7	cynk_meyer_table1:7
source_reported_or_computational	YES	arrangement_label	matched_repo_local	universe_relationship:598fda6997f23369825d0b825009cfe87212b2e0abc56013b5f2e1411e48d991	source_crosswalk	ckc:8	cynk_meyer_table1:8
source_reported_or_computational	YES	arrangement_label	matched_repo_local	universe_relationship:bf67b8619edbbb16c51f7e814771160453b43c4185d1a9184610d8bd0fd4200b	source_crosswalk	ckc:9	cynk_meyer_table1:9
source_reported_or_computational	YES	arrangement_label	matched_repo_local	universe_relationship:9e0a8e179cdedae303f1bc304b074511c0549a5c35ea4e9bafabbe5ce17687e8	source_crosswalk	ckc:10	cynk_meyer_table1:10
source_reported_or_computational	YES	arrangement_label	matched_repo_local	universe_relationship:f6565e7733b1ca25202e488412c7236ef1fb2b7fa0078eba1da8bd25957d2db8	source_crosswalk	ckc:11	cynk_meyer_table1:11
source_reported_or_computational	YES	arrangement_label	matched_repo_local	universe_relationship:152915acbc7e0a670950ddc2924d54005f7cefb8b104dab58138df34c00991e6	source_crosswalk	ckc:12	cynk_meyer_table1:12
source_reported_or_computational	YES	arrangement_label	matched_repo_local	universe_relationship:44548f6c790168bb0a120ff67cc3af58d592b1246e4a673db1e8609df99e437f	source_crosswalk	ckc:13	cynk_meyer_table1:13
source_reported_or_computational	YES	arrangement_label	matched_repo_local	universe_relationship:c84e2a06c5b7b74a6d4b1282ca72b9fd6138dd20ee6cb49c1a09f8acd38357cc	source_crosswalk	ckc:14	cynk_meyer_table1:14
source_reported_or_computational	YES	arrangement_label	matched_repo_local	universe_relationship:82032f0a164e10fd85a3b398f7f6180d48edbdef2e266cae4252583b14559b33	source_crosswalk	ckc:15	cynk_meyer_table1:15
source_reported_or_computational	YES	arrangement_label	matched_repo_local	universe_relationship:4d2892485b94290b6cefecddd2295a652b1f8a21aab231f2a2f448cc94f981d9	source_crosswalk	ckc:16	cynk_meyer_table1:16
source_reported_or_computational	YES	arrangement_label	matched_repo_local	universe_relationship:9d57df0ef9c0784727f21f65083981cc54bd0a7bec3b9abd4c84ff7e81920793	source_crosswalk	ckc:17	cynk_meyer_table1:17
source_reported_or_computational	YES	arrangement_label	matched_repo_local	universe_relationship:31b5364b55b945cf008174eb53b81703b0aacc1e52cdd32bbeb954af38184762	source_crosswalk	ckc:18	cynk_meyer_table1:18
source_reported_or_computational	YES	arrangement_label	matched_repo_local	universe_relationship:306a9c03a1febe5d4d1659e3e91ebfaaa8af83b7cfade6dc9e7164bf8b17ba5c	source_crosswalk	ckc:19	cynk_meyer_table1:19
source_reported_or_computational	YES	arrangement_label	matched_repo_local	universe_relationship:217f1f06f4be168467525e833d9251004782e2ab680e774945482af7c2d16b00	source_crosswalk	ckc:20	cynk_meyer_table1:20
source_reported_or_computational	YES	arrangement_label	matched_repo_local	universe_relationship:b2d823ab333e3c4ed686304d6b07f72bf86a561ccd08c58c2802b6ec16283f7d	source_crosswalk	ckc:21	cynk_meyer_table1:21
source_reported_or_computational	YES	arrangement_label	matched_repo_local	universe_relationship:6bcf93cf78adef5476629a2f53dfb1f267efe07f974b229edf19e0a4e29091de	source_crosswalk	ckc:22	cynk_meyer_table1:22
source_reported_or_computational	YES	arrangement_label	matched_repo_local	universe_relationship:274cad672ab338f1b4dea4add903372bf50e25bac96e709d5bccae7ed57ce92b	source_crosswalk	ckc:23	cynk_meyer_table1:23
source_reported_or_computational	YES	arrangement_label	matched_repo_local	universe_relationship:6f9a9173f860be45616150a0217b5fb5d998d06bad6ba954d24d49947ce9725d	source_crosswalk	ckc:24	cynk_meyer_table1:24
source_reported_or_computational	YES	arrangement_label	matched_repo_local	universe_relationship:4c4394b47f8d78f2cd2bd1b6247c295a82428d1279df37e0962c91fa1a7ce789	source_crosswalk	ckc:25	cynk_meyer_table1:25
source_reported_or_computational	YES	arrangement_label	matched_repo_local	universe_relationship:382cd326eaa3b30d64106a6a98b113afc9a0acc046d4994c1a7aaf5fae33ed50	source_crosswalk	ckc:26	cynk_meyer_table1:26
source_reported_or_computational	YES	arrangement_label	matched_repo_local	universe_relationship:acc26b62f20f54290a5c19811d6adddde739e4c228683427208685d758426a5f	source_crosswalk	ckc:27	cynk_meyer_table1:27
source_reported_or_computational	YES	arrangement_label	matched_repo_local	universe_relationship:1640e3251feb8f8e1e581c985183eb78b5bab0e7de8e9c2c287aa2e92d21b1a3	source_crosswalk	ckc:28	cynk_meyer_table1:28
source_reported_or_computational	YES	arrangement_label	matched_repo_local	universe_relationship:4649104f610f59cd3e23eb18d59a4290fb74710d35a6591c02fa312195f0c692	source_crosswalk	ckc:29	cynk_meyer_table1:29
source_reported_or_computational	YES	arrangement_label	matched_repo_local	universe_relationship:e93205162ce79886d6d51f563ee6d813a9bc3780a5abc4242e1d515dd977e601	source_crosswalk	ckc:30	cynk_meyer_table1:30
source_reported_or_computational	YES	arrangement_label	matched_repo_local	universe_relationship:e21d7b2db985cc7d1074f34714f458ea6f3de979e1f76d15e868362eee33fdd9	source_crosswalk	ckc:31	cynk_meyer_table1:31
source_reported_or_computational	YES	arrangement_label	matched_repo_local	universe_relationship:1ae01b4fe378293f1a685533c57fbbdde84bf6ca47ee158896fa3bcff196a572	source_crosswalk	ckc:32	cynk_meyer_table1:32
source_reported_or_computational	YES	arrangement_label	matched_repo_local	universe_relationship:8c2fea6a4fb8f58097dd157d02abf04d68376494edfcf04fa41a20132e07814a	source_crosswalk	ckc:33	cynk_meyer_table1:33
source_reported_or_computational	YES	arrangement_label	matched_repo_local	universe_relationship:186f5f7c4e661cfd03dca4f96e8ad3a57e17c73ba0f99b633995ac8abfb26fc6	source_crosswalk	ckc:34	cynk_meyer_table1:34
source_reported_or_computational	YES	arrangement_label	matched_repo_local	universe_relationship:d2a420fd83929147f5b3b169c3c9a7a130a1b4ce47e698d237b0e8528e741074	source_crosswalk	ckc:35	cynk_meyer_table1:35
source_reported_or_computational	YES	arrangement_label	matched_repo_local	universe_relationship:315c84dcae99000df5fb1647d149e730c4d751dfedf53015e31253bbedf9cea5	source_crosswalk	ckc:36	cynk_meyer_table1:36
source_reported_or_computational	YES	arrangement_label	matched_repo_local	universe_relationship:1aa07d6f1d88946b441703074760d29b7d212b2d791f95933006e713e6129ede	source_crosswalk	ckc:37	cynk_meyer_table1:37
source_reported_or_computational	YES	arrangement_label	matched_repo_local	universe_relationship:edcc0fcb6a5be15cb4ffd2e3e956705e2a437062e24a312c8fe7b6fec3122c0d	source_crosswalk	ckc:38	cynk_meyer_table1:38
source_reported_or_computational	YES	arrangement_label	matched_repo_local	universe_relationship:adbb3d4ceee0c16e19d9ca3d6634c2589f744042c4cd3442fb19abac73222407	source_crosswalk	ckc:39	cynk_meyer_table1:39
source_reported_or_computational	YES	arrangement_label	matched_repo_local	universe_relationship:0f713ef83f513f73fe7988cb2b1a6d6720d19483b3407267f45139b13e5899cb	source_crosswalk	ckc:40	cynk_meyer_table1:40
source_reported_or_computational	YES	arrangement_label	matched_repo_local	universe_relationship:729b71875e22c97ed9da06d43697478d064841a28cf523ddcc337b0a0a623d56	source_crosswalk	ckc:41	cynk_meyer_table1:41
source_reported_or_computational	YES	arrangement_label	matched_repo_local	universe_relationship:60828fceb4ba438baca6bd669bcedb177cde10f86983621915f33552effe5617	source_crosswalk	ckc:42	cynk_meyer_table1:42
source_reported_or_computational	YES	arrangement_label	matched_repo_local	universe_relationship:76cffb374ebfc5ef8da45d5295fc3699a5832dfa0e1e205cb8ddda78578894d6	source_crosswalk	ckc:43	cynk_meyer_table1:43
source_reported_or_computational	YES	arrangement_label	matched_repo_local	universe_relationship:b16410dbb8b0074a8bdc02dfd75111ff444751798b19289121664da3520f5f43	source_crosswalk	ckc:44	cynk_meyer_table1:44
source_reported_or_computational	YES	arrangement_label	matched_repo_local	universe_relationship:505388bda6ee47cbf7cc7c782e3f4c2a1ba5b9728cd2b8aa38c3720f17d749b0	source_crosswalk	ckc:45	cynk_meyer_table1:45
source_reported_or_computational	YES	arrangement_label	matched_repo_local	universe_relationship:4c407e9223d372833455a60999d85f9908097f5559c6f78b8135f5da3155ab19	source_crosswalk	ckc:46	cynk_meyer_table1:46
source_reported_or_computational	YES	arrangement_label	matched_repo_local	universe_relationship:833cfeb98e958d992744f3f221cf5ab7269adf81db99c9534596a7f059e0a1e9	source_crosswalk	ckc:47	cynk_meyer_table1:47
source_reported_or_computational	YES	arrangement_label	matched_repo_local	universe_relationship:350056f96e1c45ee5f7916c1b796fed1876d89e722814dcffd049dc84a85ed8b	source_crosswalk	ckc:48	cynk_meyer_table1:48
source_reported_or_computational	YES	arrangement_label	matched_repo_local	universe_relationship:fa29bddb89553e1cb653a4c7c76cf816081041218b62869815808a516ac7b37b	source_crosswalk	ckc:49	cynk_meyer_table1:49
source_reported_or_computational	YES	arrangement_label	matched_repo_local	universe_relationship:d7d40c183974c38a1c737cbdd6c39fc358e5ba27d70d6e8e2d68d2e617e0bc51	source_crosswalk	ckc:50	cynk_meyer_table1:50
source_reported_or_computational	YES	arrangement_label	matched_repo_local	universe_relationship:dfc01bdbcd128817ec771ddc4163ff4153a8a1929ef9f1ff31eb64c49d3fb2fe	source_crosswalk	ckc:51	cynk_meyer_table1:51
source_reported_or_computational	YES	arrangement_label	matched_repo_local	universe_relationship:9c8790000b99b7df4c7bce9cb4225c4ccd4764170a6a4b12932132b158fbbcbc	source_crosswalk	ckc:52	cynk_meyer_table1:52
source_reported_or_computational	YES	arrangement_label	matched_repo_local	universe_relationship:f59a6f16c3fb5c71d2036c06302a48e89f89eedaca3395bc625779cba9276696	source_crosswalk	ckc:53	cynk_meyer_table1:53
source_reported_or_computational	YES	arrangement_label	matched_repo_local	universe_relationship:a61157522903a8a6ab1e0e34e226d41367f48bd22b217c6fbf14d1406007c4e5	source_crosswalk	ckc:54	cynk_meyer_table1:54
source_reported_or_computational	YES	arrangement_label	matched_repo_local	universe_relationship:e5460355ad31d195be9415e861972706415f3d856e176d021fc19d301e603893	source_crosswalk	ckc:55	cynk_meyer_table1:55
source_reported_or_computational	YES	arrangement_label	matched_repo_local	universe_relationship:b2d4004f84a4de1e6f84739eb2701a12abea0520ee184adda1ed6cc8acd8dc34	source_crosswalk	ckc:56	cynk_meyer_table1:56
source_reported_or_computational	YES	arrangement_label	matched_repo_local	universe_relationship:3efd487024ed5bdd5344e52561a797cd37f96ade121adfdbdb1aaae304b2d30f	source_crosswalk	ckc:57	cynk_meyer_table1:57
source_reported_or_computational	YES	arrangement_label	matched_repo_local	universe_relationship:e566032136f4d66441329542bc9b10bc03046a971ea0fd562b8cd1a12bf2af90	source_crosswalk	ckc:58	cynk_meyer_table1:58
source_reported_or_computational	YES	arrangement_label	matched_repo_local	universe_relationship:fe451cd8262bb23eb8a8ee706e65b32b1c1b58d9fe6fd6002bf56233ae179a73	source_crosswalk	ckc:59	cynk_meyer_table1:59
source_reported_or_computational	YES	arrangement_label	matched_repo_local	universe_relationship:40a28485ab62307ddb0d8e921baa4d9f1a5579867cd5b8b03b1817f047171ce7	source_crosswalk	ckc:60	cynk_meyer_table1:60
source_reported_or_computational	YES	arrangement_label	matched_repo_local	universe_relationship:22aafe1f487aaba4b3818f7686f51f254427974e2b3cd815cbf5e389c699cc10	source_crosswalk	ckc:61	cynk_meyer_table1:61
source_reported_or_computational	YES	arrangement_label	matched_repo_local	universe_relationship:3c8fcb24d423dc25332c4ba4421ca560babf2b2dcf4356c16844c4aa27abd4a3	source_crosswalk	ckc:62	cynk_meyer_table1:62
source_reported_or_computational	YES	arrangement_label	matched_repo_local	universe_relationship:e3f4b0770f0986bf062ca5c240c999aceb7b44212001dac4122a755b3bb77daf	source_crosswalk	ckc:63	cynk_meyer_table1:63
source_reported_or_computational	YES	arrangement_label	matched_repo_local	universe_relationship:66a288496eb32211a2737909c37dc76c41c5cf98daf0aa25b83ff61de746879c	source_crosswalk	ckc:64	cynk_meyer_table1:64
source_reported_or_computational	YES	arrangement_label	matched_repo_local	universe_relationship:a032ddbd3a6789f5820129115e65341d0ff2a7048f5fa2bf70bc0abab9dee590	source_crosswalk	ckc:65	cynk_meyer_table1:65
source_reported_or_computational	YES	arrangement_label	matched_repo_local	universe_relationship:5693aa076f2018663e72a262cc18cd71beec81e02f57a3d68439d31d3cb833ed	source_crosswalk	ckc:66	cynk_meyer_table1:66
source_reported_or_computational	YES	arrangement_label	matched_repo_local	universe_relationship:6c85b2696e7ca5a2b7c117d32fca67e84e8781e74fe64d5c99004f6f42702a5a	source_crosswalk	ckc:67	cynk_meyer_table1:67
source_reported_or_computational	YES	arrangement_label	matched_repo_local	universe_relationship:b55d7fd6e25717e87f14ff3434bb76ea5313eb7137231addede80427bb124c54	source_crosswalk	ckc:68	cynk_meyer_table1:68
source_reported_or_computational	YES	arrangement_label	matched_repo_local	universe_relationship:8d852d660755bfdaf1669bcce1a7df756f037cf295b77ef037df67d2886e0f70	source_crosswalk	ckc:69	cynk_meyer_table1:69
source_reported_or_computational	YES	arrangement_label	matched_repo_local	universe_relationship:b7107f8f92829dd868853ee6714c974cd18a177ad504d6c2dc5079190243bb0d	source_crosswalk	ckc:70	cynk_meyer_table1:70
source_reported_or_computational	YES	arrangement_label	matched_repo_local	universe_relationship:7cafbfeb90da1c6faf19fa9c9aa7fc641b675ca23bae219cf7336d516bb2ce0f	source_crosswalk	ckc:71	cynk_meyer_table1:71
source_reported_or_computational	YES	arrangement_label	matched_repo_local	universe_relationship:1d4a0bddd58ec4637ba8cc5b39727c416fa5c4665b178bbd8b633035c278fb23	source_crosswalk	ckc:72	cynk_meyer_table1:72
source_reported_or_computational	YES	arrangement_label	matched_repo_local	universe_relationship:297232ebce974b2c55effb9bc8a07f9a2929cc02cce019635925bc2654910783	source_crosswalk	ckc:73	cynk_meyer_table1:73
source_reported_or_computational	YES	arrangement_label	matched_repo_local	universe_relationship:c874c52a3867cca112a8e2096b673bedc1d071e853d172ab27aecde1593ab95f	source_crosswalk	ckc:74	cynk_meyer_table1:74
source_reported_or_computational	YES	arrangement_label	matched_repo_local	universe_relationship:31007f8fbfef62e0fc8a0b061eb9a1d699d1d001c67dff96a1cf47c11496a941	source_crosswalk	ckc:75	cynk_meyer_table1:75
source_reported_or_computational	YES	arrangement_label	matched_repo_local	universe_relationship:18248a7e3c5616c4744bb68ac03ecde3e7fbf6b91db27d8463c1a9ee488efae5	source_crosswalk	ckc:76	cynk_meyer_table1:76
source_reported_or_computational	YES	arrangement_label	matched_repo_local	universe_relationship:5f6065602c91d5532188c0f19fb0e6fb2f592c5bd444ffd61714dee76c8cc04d	source_crosswalk	ckc:77	cynk_meyer_table1:77
source_reported_or_computational	YES	arrangement_label	matched_repo_local	universe_relationship:b44ae4ce4fa1b8520ad45ef023995a1e85a2d98c28a46ffa2105535be9877024	source_crosswalk	ckc:78	cynk_meyer_table1:78
source_reported_or_computational	YES	arrangement_label	matched_repo_local	universe_relationship:0f9113166b77b9a6c902c14aa4106fd382623d398e8d1593810e199e33260090	source_crosswalk	ckc:79	cynk_meyer_table1:79
source_reported_or_computational	YES	arrangement_label	matched_repo_local	universe_relationship:f5e7c0427dd0b95a7753e11ca69d0cf9fbf4e8cf6eb9e55db3a21f70693bd754	source_crosswalk	ckc:80	cynk_meyer_table1:80
source_reported_or_computational	YES	arrangement_label	matched_repo_local	universe_relationship:7b901cc52c4325c8b528b1f6ce041d11f038045b8cb452071db8c663e12a179a	source_crosswalk	ckc:81	cynk_meyer_table1:81
source_reported_or_computational	YES	arrangement_label	matched_repo_local	universe_relationship:ce2f78c6d37e49c339bf2254fa03e946e42aec6d58cda60870c0f12df9c32f30	source_crosswalk	ckc:82	cynk_meyer_table1:82
source_reported_or_computational	YES	arrangement_label	matched_repo_local	universe_relationship:c2d4db08e2f73c302d5ab6b41f4fc4fbede1d0cc9eb4f847fb0fd0305a28ed55	source_crosswalk	ckc:83	cynk_meyer_table1:83
source_reported_or_computational	YES	arrangement_label	matched_repo_local	universe_relationship:2ba3fe29ba2ca8ab09ee4a4f195086d90dcd63ed624a3a959507f0cf05de4569	source_crosswalk	ckc:84	cynk_meyer_table1:84
source_reported_or_computational	YES	arrangement_label	matched_repo_local	universe_relationship:a46b081f4083a6da9b8ab6a6b156e77771177740806b3b8a5a0b2693395d9ebb	source_crosswalk	ckc:85	cynk_meyer_table1:85
source_reported_or_computational	YES	arrangement_label	matched_repo_local	universe_relationship:52e4d4b44cf16887e0cce53797513694cde114a9011dbfa7d7872188c1b5bc83	source_crosswalk	cynk_meyer_table1:1	cynk_meyer_table1:1
source_reported_or_computational	YES	arrangement_label	matched_repo_local	universe_relationship:313f882bdccbc6b2e08d1d5cff42517dc5cafa57efba310f355404ca41600ebc	source_crosswalk	cynk_meyer_table1:2	cynk_meyer_table1:2
source_reported_or_computational	YES	arrangement_label	matched_repo_local	universe_relationship:0c69799ee0a2b671042199de781ebdb31ea8d9b80a2533e43f662a3396d5498f	source_crosswalk	cynk_meyer_table1:3	cynk_meyer_table1:3
source_reported_or_computational	YES	arrangement_label	matched_repo_local	universe_relationship:13d4fc6e95d50dcef3f186b1bbae44b44a26802dd5cbf6d1d6aff9e6ada57e10	source_crosswalk	cynk_meyer_table1:4	cynk_meyer_table1:4
source_reported_or_computational	YES	arrangement_label	matched_repo_local	universe_relationship:45564297a5474effa33dfa4de34b0d7754b66d8e376a549638f4c56e3addd869	source_crosswalk	cynk_meyer_table1:5	cynk_meyer_table1:5
source_reported_or_computational	YES	arrangement_label	matched_repo_local	universe_relationship:b2f5376c0af6349a48b1fbf6820f8a5dbfc16671ded4c640c554b4da99756752	source_crosswalk	cynk_meyer_table1:6	cynk_meyer_table1:6
source_reported_or_computational	YES	arrangement_label	matched_repo_local	universe_relationship:946444b371a09e3be2e526f707a0923750b43d511dc12b8dbbefe8e8c766a9d7	source_crosswalk	cynk_meyer_table1:7	cynk_meyer_table1:7
source_reported_or_computational	YES	arrangement_label	matched_repo_local	universe_relationship:13f19a431e085578fa3c80d909163711e2491535695a9bbc5847bc1f6f9067c8	source_crosswalk	cynk_meyer_table1:8	cynk_meyer_table1:8
source_reported_or_computational	YES	arrangement_label	matched_repo_local	universe_relationship:8f638a649e3ff1cfd671f3ad812550e867582fb2c3337095b8a9bf7986635891	source_crosswalk	cynk_meyer_table1:9	cynk_meyer_table1:9
source_reported_or_computational	YES	arrangement_label	matched_repo_local	universe_relationship:e80ac76eaa25c7a29094efd9c49f3f1a3f27980fa47b33d486bc0232d885f6bc	source_crosswalk	cynk_meyer_table1:10	cynk_meyer_table1:10
source_reported_or_computational	YES	arrangement_label	matched_repo_local	universe_relationship:e47e1907527ea4835a959e34b3bc1ec9726fb62e1301be0738f9bd36fdc64bac	source_crosswalk	cynk_meyer_table1:11	cynk_meyer_table1:11
source_reported_or_computational	YES	arrangement_label	matched_repo_local	universe_relationship:271310294e446be481af3176f263f5c405c86d629b9349f00ec14061b4a16f32	source_crosswalk	cynk_meyer_table1:12	cynk_meyer_table1:12
source_reported_or_computational	YES	arrangement_label	matched_repo_local	universe_relationship:9562d2c833e79e868c5e4f743e11f18dde358e6cfbf12d94b02c04dc61c040b0	source_crosswalk	cynk_meyer_table1:13	cynk_meyer_table1:13
source_reported_or_computational	YES	arrangement_label	matched_repo_local	universe_relationship:eeb4fd93aa54e003ac0cc34c87529076a6970d25526662e249a03515817d4542	source_crosswalk	cynk_meyer_table1:14	cynk_meyer_table1:14
source_reported_or_computational	YES	arrangement_label	matched_repo_local	universe_relationship:bcdf6f0ab7b6f90054293f93c5cace1fa34c8cfab8c866ec6538ecf512bf0005	source_crosswalk	cynk_meyer_table1:15	cynk_meyer_table1:15
source_reported_or_computational	YES	arrangement_label	matched_repo_local	universe_relationship:50544a5add77e12aa65ab71636597de21171bd4f50ea520ae13763b60039324a	source_crosswalk	cynk_meyer_table1:16	cynk_meyer_table1:16
source_reported_or_computational	YES	arrangement_label	matched_repo_local	universe_relationship:e1a6e8dff453e3b004aa7faed7bde7e215a77e4d6764eb66e3bfadb7e5747c38	source_crosswalk	cynk_meyer_table1:17	cynk_meyer_table1:17
source_reported_or_computational	YES	arrangement_label	matched_repo_local	universe_relationship:a641cbba4c5f762d2ba84080020415c540dd9283e24dfe38d3e4f2d9f5e7f7ee	source_crosswalk	cynk_meyer_table1:18	cynk_meyer_table1:18
source_reported_or_computational	YES	arrangement_label	matched_repo_local	universe_relationship:64e034cd3f7549b05fc10bf12639155c74af156c0a7847139a96b8157b84f7a1	source_crosswalk	cynk_meyer_table1:19	cynk_meyer_table1:19
source_reported_or_computational	YES	arrangement_label	matched_repo_local	universe_relationship:9d55ebe6828db78a21ceaad36ac452c4b0629e915eb60ece75faff5b18e848ec	source_crosswalk	cynk_meyer_table1:20	cynk_meyer_table1:20
source_reported_or_computational	YES	arrangement_label	matched_repo_local	universe_relationship:b12f404a7f789ab34da4797bc13a7ed2fca9427628b2eae5892f66afd26aae75	source_crosswalk	cynk_meyer_table1:21	cynk_meyer_table1:21
source_reported_or_computational	YES	arrangement_label	matched_repo_local	universe_relationship:63e870d482a14142b5e81c28b52a14ecf1db2966ad3476b68f1242bd8bc0d99d	source_crosswalk	cynk_meyer_table1:22	cynk_meyer_table1:22
source_reported_or_computational	YES	arrangement_label	matched_repo_local	universe_relationship:4c1e08bc308e32ba69c9f9141ea7af5b81cbc3fb01380bd87ef81cd5983db8a3	source_crosswalk	cynk_meyer_table1:23	cynk_meyer_table1:23
source_reported_or_computational	YES	arrangement_label	matched_repo_local	universe_relationship:b9b07cab771e33a41c0ef818b31e126e2dc0324f7695f36f991298cf6004c66f	source_crosswalk	cynk_meyer_table1:24	cynk_meyer_table1:24
source_reported_or_computational	YES	arrangement_label	matched_repo_local	universe_relationship:f1a172ce6c9074f020428d238d055420606f2d41d50c02a8b524ee179fa8b878	source_crosswalk	cynk_meyer_table1:25	cynk_meyer_table1:25
source_reported_or_computational	YES	arrangement_label	matched_repo_local	universe_relationship:22539be21fb3c2fd9cb7b95200075f5f2a226eff3129e7287a40595a3a88c189	source_crosswalk	cynk_meyer_table1:26	cynk_meyer_table1:26
source_reported_or_computational	YES	arrangement_label	matched_repo_local	universe_relationship:7658ab05ad657f4b50f4326ef5900eea2f2ade2bf96ff846b3116a588f1465d9	source_crosswalk	cynk_meyer_table1:27	cynk_meyer_table1:27
source_reported_or_computational	YES	arrangement_label	matched_repo_local	universe_relationship:34db2e2f6b559f57a59fc1e3db9df57ce62c97b2ed9b9e318a27c0fff77f520b	source_crosswalk	cynk_meyer_table1:28	cynk_meyer_table1:28
source_reported_or_computational	YES	arrangement_label	matched_repo_local	universe_relationship:73c08f459332035f9563f963159ee5c2305addc3656a78e3693995b8065f6466	source_crosswalk	cynk_meyer_table1:29	cynk_meyer_table1:29
source_reported_or_computational	YES	arrangement_label	matched_repo_local	universe_relationship:790d7be375d4c523a9a12e8ef2fc9db83f09f02d5f10f3b5cf3066d86fd02054	source_crosswalk	cynk_meyer_table1:30	cynk_meyer_table1:30
source_reported_or_computational	YES	arrangement_label	matched_repo_local	universe_relationship:2e3ef7934076edba1e61f4a486a41a5ec2fbf6f0d319d2b763fc537c2f6b5525	source_crosswalk	cynk_meyer_table1:31	cynk_meyer_table1:31
source_reported_or_computational	YES	arrangement_label	matched_repo_local	universe_relationship:4efb0aa67e797c69477871929ee98b1fbebe3790d31708fa65b4fcebe4d5bdf6	source_crosswalk	cynk_meyer_table1:32	cynk_meyer_table1:32
source_reported_or_computational	YES	arrangement_label	matched_repo_local	universe_relationship:ab38c46b9bd24ee6958c7d782edd75c8369aece070dddf0afed48db884a42e1e	source_crosswalk	cynk_meyer_table1:33	cynk_meyer_table1:33
source_reported_or_computational	YES	arrangement_label	matched_repo_local	universe_relationship:6e5c48504201b5b031cff35dc9ab4f2a3be4e39b83daee97fe8adfe2ff31aab7	source_crosswalk	cynk_meyer_table1:34	cynk_meyer_table1:34
source_reported_or_computational	YES	arrangement_label	matched_repo_local	universe_relationship:d0b98b0998c3689119b27676de4fce6062eacb5e5c10323241418d510b141b38	source_crosswalk	cynk_meyer_table1:35	cynk_meyer_table1:35
source_reported_or_computational	YES	arrangement_label	matched_repo_local	universe_relationship:d4ab473686d5b07c373d9d8b4daee4e62a75fbe8b55c5b5e1b51a7bceed3f347	source_crosswalk	cynk_meyer_table1:36	cynk_meyer_table1:36
source_reported_or_computational	YES	arrangement_label	matched_repo_local	universe_relationship:c9820e3a81d6103d3c14b8d7d0625788763f8b1cdd2adc21c702b96b350300f1	source_crosswalk	cynk_meyer_table1:37	cynk_meyer_table1:37
source_reported_or_computational	YES	arrangement_label	matched_repo_local	universe_relationship:c8eebf1f24961ca7d409dbf7157c6328d512b0663dd2a91bd040b72b14e2e636	source_crosswalk	cynk_meyer_table1:38	cynk_meyer_table1:38
source_reported_or_computational	YES	arrangement_label	matched_repo_local	universe_relationship:0dff8ad19d481dcbf4197c56b385624894fb3d02fcc8540f429ee73e1645dd93	source_crosswalk	cynk_meyer_table1:39	cynk_meyer_table1:39
source_reported_or_computational	YES	arrangement_label	matched_repo_local	universe_relationship:deef2bdffe230a885264486292fe09e76427b89ae4c7892fd2dda707a87700f0	source_crosswalk	cynk_meyer_table1:40	cynk_meyer_table1:40
source_reported_or_computational	YES	arrangement_label	matched_repo_local	universe_relationship:ba683d8d914a8d048c9e038a9ab661a8009c681d7bca309108d86a1edc107628	source_crosswalk	cynk_meyer_table1:41	cynk_meyer_table1:41
source_reported_or_computational	YES	arrangement_label	matched_repo_local	universe_relationship:8c91bad51a94a75573618e509bdedbe9f9fe14b3208569d4e99bd7ff593e189c	source_crosswalk	cynk_meyer_table1:42	cynk_meyer_table1:42
source_reported_or_computational	YES	arrangement_label	matched_repo_local	universe_relationship:b2f7deb689c55f9e688c8ce78656ed78cc8a9e21e24a714f9638854a255c7476	source_crosswalk	cynk_meyer_table1:43	cynk_meyer_table1:43
source_reported_or_computational	YES	arrangement_label	matched_repo_local	universe_relationship:94c1a8974f428a23e1c829a02023697ae0bc55c2829d09ba932bb2549a754a3b	source_crosswalk	cynk_meyer_table1:44	cynk_meyer_table1:44
source_reported_or_computational	YES	arrangement_label	matched_repo_local	universe_relationship:c16c496139c90c6347713f5b39da8f426116f0c2dc4f9b041133e353616a3689	source_crosswalk	cynk_meyer_table1:45	cynk_meyer_table1:45
source_reported_or_computational	YES	arrangement_label	matched_repo_local	universe_relationship:e1c0b2886f2a5353eb2f36aaff34da9883b21e2839546815ad4eb041a3fdf9fb	source_crosswalk	cynk_meyer_table1:46	cynk_meyer_table1:46
source_reported_or_computational	YES	arrangement_label	matched_repo_local	universe_relationship:f3b6e70bf881353e2ec63ea864095fac6876026cdc6425222ee849f2cd4db35a	source_crosswalk	cynk_meyer_table1:47	cynk_meyer_table1:47
source_reported_or_computational	YES	arrangement_label	matched_repo_local	universe_relationship:77dc90aebd21ea5db451f076f6afb7eb8b83cb427af7b139437cd7d2a3f60774	source_crosswalk	cynk_meyer_table1:48	cynk_meyer_table1:48
source_reported_or_computational	YES	arrangement_label	matched_repo_local	universe_relationship:be581875fbc3444d12e0e8a6ab8074ed0325b84b79444423ea8b479ea52753ea	source_crosswalk	cynk_meyer_table1:49	cynk_meyer_table1:49
source_reported_or_computational	YES	arrangement_label	matched_repo_local	universe_relationship:fb8f7a8c9f826e4419c473a228230e846edda2075f1529b665360d41ebc53d57	source_crosswalk	cynk_meyer_table1:50	cynk_meyer_table1:50
source_reported_or_computational	YES	arrangement_label	matched_repo_local	universe_relationship:4e43aaf8cb1800c8491f7e4a2485a7ba89b12074707031be8a0510b51a481221	source_crosswalk	cynk_meyer_table1:51	cynk_meyer_table1:51
source_reported_or_computational	YES	arrangement_label	matched_repo_local	universe_relationship:27961cfa4725d12de959c4e6479a418b8f003b4ccc2019ab83254affd2f680a3	source_crosswalk	cynk_meyer_table1:52	cynk_meyer_table1:52
source_reported_or_computational	YES	arrangement_label	matched_repo_local	universe_relationship:4c2a0178712b628466915a3ca0aa1c3b084c4cf9a5ceb312e4d2197b656a7bd2	source_crosswalk	cynk_meyer_table1:53	cynk_meyer_table1:53
source_reported_or_computational	YES	arrangement_label	matched_repo_local	universe_relationship:3b45ba2fd80d0309457747323eac3e1e71b22d304a1dfd316f3cab0c535f3a06	source_crosswalk	cynk_meyer_table1:54	cynk_meyer_table1:54
source_reported_or_computational	YES	arrangement_label	matched_repo_local	universe_relationship:722a2736d225d57497c863dc9bd4df5392d6db681444799454d1447a29ebc551	source_crosswalk	cynk_meyer_table1:55	cynk_meyer_table1:55
source_reported_or_computational	YES	arrangement_label	matched_repo_local	universe_relationship:303eac2d526c248c3f293c090829d0f10e2231dfc64fd1618d19e2498bb15f25	source_crosswalk	cynk_meyer_table1:56	cynk_meyer_table1:56
source_reported_or_computational	YES	arrangement_label	matched_repo_local	universe_relationship:9e83835e83a7ee938f1f1542dc1b231fef04594bb55838729048ec4891467d35	source_crosswalk	cynk_meyer_table1:57	cynk_meyer_table1:57
source_reported_or_computational	YES	arrangement_label	matched_repo_local	universe_relationship:80777e99a5f3f508b33121bf74189d317927880c346369cfc9b5a5a2ccd71c7d	source_crosswalk	cynk_meyer_table1:58	cynk_meyer_table1:58
source_reported_or_computational	YES	arrangement_label	matched_repo_local	universe_relationship:122799831e90f3b95707ab7eefdbb07862c14cb70b49fa724f91a23a2c190856	source_crosswalk	cynk_meyer_table1:59	cynk_meyer_table1:59
source_reported_or_computational	YES	arrangement_label	matched_repo_local	universe_relationship:f13fce646bc896fefe78df5f9d105057b37cbfba4543c0d950c4e2b91a938964	source_crosswalk	cynk_meyer_table1:60	cynk_meyer_table1:60
source_reported_or_computational	YES	arrangement_label	matched_repo_local	universe_relationship:49fe175c8408a7a7428071bbccbe65f67a8a768d325ddde303c531738da0289d	source_crosswalk	cynk_meyer_table1:61	cynk_meyer_table1:61
source_reported_or_computational	YES	arrangement_label	matched_repo_local	universe_relationship:ef6391ef18bae1ee25d847ea044040348df35534f68637f01bc839a35bf11db8	source_crosswalk	cynk_meyer_table1:62	cynk_meyer_table1:62
source_reported_or_computational	YES	arrangement_label	matched_repo_local	universe_relationship:ad535b7a7fd194d453056bf6f4ae54255a902d9762b16432abcebf94a15ba0c3	source_crosswalk	cynk_meyer_table1:63	cynk_meyer_table1:63
source_reported_or_computational	YES	arrangement_label	matched_repo_local	universe_relationship:f777eacc76ceab5ef82a813b1bee5344be31092e63771c7ced982b3030eb44f1	source_crosswalk	cynk_meyer_table1:64	cynk_meyer_table1:64
source_reported_or_computational	YES	arrangement_label	matched_repo_local	universe_relationship:1f4b53afdff16bf60f31c267ce5a544d066b995f56e9979ffd92497c98583661	source_crosswalk	cynk_meyer_table1:65	cynk_meyer_table1:65
source_reported_or_computational	YES	arrangement_label	matched_repo_local	universe_relationship:015a6416cc011e79f6675c5fbb9cb806ae8b76fee7b7bbd62602a506eb7b68df	source_crosswalk	cynk_meyer_table1:66	cynk_meyer_table1:66
source_reported_or_computational	YES	arrangement_label	matched_repo_local	universe_relationship:9a0fa6eafd3da2469db4039b8b2547875f1be36c83dd8ff5dd2c0b6cd94a778f	source_crosswalk	cynk_meyer_table1:67	cynk_meyer_table1:67
source_reported_or_computational	YES	arrangement_label	matched_repo_local	universe_relationship:463c8334ee18025f37c6488cbc6bd7da2fe678e484da20fadbcdde5dbafd5afb	source_crosswalk	cynk_meyer_table1:68	cynk_meyer_table1:68
source_reported_or_computational	YES	arrangement_label	matched_repo_local	universe_relationship:8c52eaa0289c0db05005940dc14a72e2b61d5e2ae232b9cecc5ab3bfb58a8665	source_crosswalk	cynk_meyer_table1:69	cynk_meyer_table1:69
source_reported_or_computational	YES	arrangement_label	matched_repo_local	universe_relationship:ca50551f7f9c449a2aadc458d0c1613452bfd8b6a616da19b80630333b4fbeea	source_crosswalk	cynk_meyer_table1:70	cynk_meyer_table1:70
source_reported_or_computational	YES	arrangement_label	matched_repo_local	universe_relationship:707c36c13c0daa6251cfad186b342c79ff6acf00c1843bd986897e1ae9a625db	source_crosswalk	cynk_meyer_table1:71	cynk_meyer_table1:71
source_reported_or_computational	YES	arrangement_label	matched_repo_local	universe_relationship:e6a2925f8cef68c31cf702a74f0116db1f361a04b3a3613902c63e300b9d76f7	source_crosswalk	cynk_meyer_table1:72	cynk_meyer_table1:72
source_reported_or_computational	YES	arrangement_label	matched_repo_local	universe_relationship:43996bcd54c21d034293dc57f2334a00947e4b3069a037f83525a2efbc38f687	source_crosswalk	cynk_meyer_table1:73	cynk_meyer_table1:73
source_reported_or_computational	YES	arrangement_label	matched_repo_local	universe_relationship:d07741a00050ca607cbbe3043b510deec97b6268d07c100f9a2da79db324a61b	source_crosswalk	cynk_meyer_table1:74	cynk_meyer_table1:74
source_reported_or_computational	YES	arrangement_label	matched_repo_local	universe_relationship:3391ccd153c5d20ca648a51067dc3dc5a3500b24e118cc5679e8d0b5fcdf9fda	source_crosswalk	cynk_meyer_table1:75	cynk_meyer_table1:75
source_reported_or_computational	YES	arrangement_label	matched_repo_local	universe_relationship:3326063b7be7587a8d1532fe98a92d7a4664b07c47e81da74191fdefdaf6da43	source_crosswalk	cynk_meyer_table1:76	cynk_meyer_table1:76
source_reported_or_computational	YES	arrangement_label	matched_repo_local	universe_relationship:e580fa68392daf757b9877ab91af8710d3ab7ef22bc7cc699690c7357066ba49	source_crosswalk	cynk_meyer_table1:77	cynk_meyer_table1:77
source_reported_or_computational	YES	arrangement_label	matched_repo_local	universe_relationship:a206898a588b12320d41b0346a3a63585c8bf8af81a8dff64951bc7bd1c72d8f	source_crosswalk	cynk_meyer_table1:78	cynk_meyer_table1:78
source_reported_or_computational	YES	arrangement_label	matched_repo_local	universe_relationship:40af55eab9dde2985140878037f1521b851768c728849ace73e2e6f8f0278a28	source_crosswalk	cynk_meyer_table1:79	cynk_meyer_table1:79
source_reported_or_computational	YES	arrangement_label	matched_repo_local	universe_relationship:3613b1874e04ddf4c2072d0e4643043dc0dbe021b505d78a880dbb3f36d7569d	source_crosswalk	cynk_meyer_table1:80	cynk_meyer_table1:80
source_reported_or_computational	YES	arrangement_label	matched_repo_local	universe_relationship:11272165f22ffe9a89e06aef1f4291509b71c164166270e00e9f189446c6993d	source_crosswalk	cynk_meyer_table1:81	cynk_meyer_table1:81
source_reported_or_computational	YES	arrangement_label	matched_repo_local	universe_relationship:fffa63e865b7210192031ea92efbe0c9705121cb9ae6444e859f1a074eb9a912	source_crosswalk	cynk_meyer_table1:82	cynk_meyer_table1:82
source_reported_or_computational	YES	arrangement_label	matched_repo_local	universe_relationship:10777a63becb0d8d3f3659bbe1e30de2d862fe4bd1a07a6ed51bcbd9ddcab0b4	source_crosswalk	cynk_meyer_table1:83	cynk_meyer_table1:83
source_reported_or_computational	YES	arrangement_label	matched_repo_local	universe_relationship:90f832a8ed52345a6da1933ed356a1c5cc12e45c6fe0369867045516898e5933	source_crosswalk	cynk_meyer_table1:84	cynk_meyer_table1:84
source_reported_or_computational	YES	arrangement_label	matched_repo_local	universe_relationship:52820515ce7178380267d6d44712beb1ecd13371ab0ba7df352889c0e6ed4e14	source_crosswalk	cynk_meyer_table1:85	cynk_meyer_table1:85
source_reported_or_computational	YES	arrangement_label	matched_repo_local	universe_relationship:d4f6b5446a397fe270c47d5f4241e0d124c8cb25096fda4782cb17b0e899d772	source_crosswalk	cynk_meyer_family_equations:1	cynk_meyer_table1:1
source_reported_or_computational	YES	arrangement_label	matched_repo_local	universe_relationship:a1432affcb8098fec44137b3b513ce2264ccc6dc716346e55a418a1aa2e68f6f	source_crosswalk	cynk_meyer_family_equations:5	cynk_meyer_table1:5
source_reported_or_computational	YES	arrangement_label	matched_repo_local	universe_relationship:209e15f5a1cd97f6926e6e98b3c13a0a42f4e0ee3bf1f1f4aa78e31a3482dc3b	source_crosswalk	cynk_meyer_family_equations:14	cynk_meyer_table1:14
source_reported_or_computational	YES	arrangement_label	matched_repo_local	universe_relationship:afdeaa5f505498f3e1fe9dc769368f200f40cc6d5230282ce073b5926ed10354	source_crosswalk	cynk_meyer_rigid_equations:1	cynk_meyer_table1:1
source_reported_or_computational	YES	arrangement_label	matched_repo_local	universe_relationship:06a81f01339009d05ff89d50238a806b726cd13af411d63b305dc43898fdbb34	source_crosswalk	source_assembly:1	cynk_meyer_table1:1
source_reported_or_computational	YES	arrangement_label	matched_repo_local	universe_relationship:68db0c7241bc77a2da60ec82f29ba64d50450a749e0db9ee9e526f9e2aaf474f	derived_from_source_presentation	source_assembly:1	ckc:1
source_reported_or_computational	YES	arrangement_label	matched_repo_local	universe_relationship:45e17999f1a7f7867de8ad700c71d85fb39a29918612def2d6ab1b540f2383a9	source_crosswalk	source_assembly:3	cynk_meyer_table1:3
source_reported_or_computational	YES	arrangement_label	matched_repo_local	universe_relationship:2c5bd64f495e3366907515dbe79a921d1bb093b4fb0499bcd313b1137407d0fa	derived_from_source_presentation	source_assembly:3	ckc:3
source_reported_or_computational	YES	arrangement_label	matched_repo_local	universe_relationship:9b7723d417454b5d5a70a8401f5cf701c1aa04d049ab5bfa56aef8ac21868f3b	source_crosswalk	source_assembly:19	cynk_meyer_table1:19
source_reported_or_computational	YES	arrangement_label	matched_repo_local	universe_relationship:d390f9763947335e436e60ccdb651506359747e76e83580cf7cd2367e19db718	derived_from_source_presentation	source_assembly:19	ckc:19
source_reported_or_computational	YES	arrangement_label	matched_repo_local	universe_relationship:25beeed8a9793406e37e09a9e91bfa04e48b37674a3976ae7af8561e3751fc08	source_crosswalk	source_assembly:32	cynk_meyer_table1:32
source_reported_or_computational	YES	arrangement_label	matched_repo_local	universe_relationship:7aa2f2b41f76ed7c7913ac9319ea9fec46d4f5669b287f570951c4086d634ca1	derived_from_source_presentation	source_assembly:32	ckc:32
source_reported_or_computational	YES	arrangement_label	matched_repo_local	universe_relationship:5b3475f33bdf3350fad7644ea7c91546a2548c485ef12a0480f9d010eed5c20e	source_crosswalk	source_assembly:69	cynk_meyer_table1:69
source_reported_or_computational	YES	arrangement_label	matched_repo_local	universe_relationship:b74ca0266bb45dfbaa7e38896c2ec49724bc8243e0420c98caf0943fed82f378	derived_from_source_presentation	source_assembly:69	ckc:69
source_reported_or_computational	YES	arrangement_label	matched_repo_local	universe_relationship:38ce73f82228713e79355f0c0d2b0e3e33319e42913516d3b03f161229829025	source_crosswalk	source_assembly:84	cynk_meyer_table1:84
source_reported_or_computational	YES	arrangement_label	matched_repo_local	universe_relationship:db8b161a852fa3d959ae72db6f1dd819e80ba7650ace7039a3eeffae21bad0cc	derived_from_source_presentation	source_assembly:84	ckc:84
source_reported_or_computational	YES	arrangement_label	matched_repo_local	universe_relationship:8aabbd097a1bef4a730a7d7bd36c0781ed2f942ba8ade58b904b72e0964be62a	derived_from_source_presentation	source_assembly:84a	ckc:84a
source_reported_or_computational	YES	arrangement_label	matched_repo_local	universe_relationship:6c9ffbb5e5c7eb6f1671ea1a6b7b9835ceca5ba9a48b380b3d14e7afc723077a	source_crosswalk	source_assembly:93	cynk_meyer_table1:93
source_reported_or_computational	YES	arrangement_label	matched_repo_local	universe_relationship:df5c7d0b08242c4f3d9c18acb18d71e42a72e984d9a7c7369d165d61aa9ede1f	derived_from_source_presentation	source_assembly:93	ckc:93
source_reported_or_computational	YES	arrangement_label	matched_repo_local	universe_relationship:a4d22ae8dcaa6f743ef48114008c42868171cb72d6cef4ff5271172a1ebfea1a	source_crosswalk	source_assembly:238	cynk_meyer_table1:238
source_reported_or_computational	YES	arrangement_label	matched_repo_local	universe_relationship:1e811294952065da6a974977e2df2eda25633e14df4fcaef9f2b584accc8113d	derived_from_source_presentation	source_assembly:238	ckc:238
source_reported_or_computational	YES	arrangement_label	matched_repo_local	universe_relationship:c72c64262a1c7ef87ef58a8db0aeb06b00d86f9f25ef99f7373038f8b36dbe11	source_crosswalk	source_assembly:239	cynk_meyer_table1:239
source_reported_or_computational	YES	arrangement_label	matched_repo_local	universe_relationship:5629b577a63156f6c94832046f3549c190f64587b198521924beacb93d99391f	derived_from_source_presentation	source_assembly:239	ckc:239
source_reported_or_computational	YES	arrangement_label	matched_repo_local	universe_relationship:aea15ec7a0c4b8a4df5fc5c4193cab9d47b5c725d3b4402dbfcc8f5a5b5de3ea	source_crosswalk	source_assembly:240	cynk_meyer_table1:240
source_reported_or_computational	YES	arrangement_label	matched_repo_local	universe_relationship:cffbebd5466601ec67d611d8cd47da547d7182a6f65d0d5add81ea21d49170d4	derived_from_source_presentation	source_assembly:240	ckc:240
source_reported_or_computational	YES	arrangement_label	matched_repo_local	universe_relationship:da16a65c7878a3b0b3e4c898955476821ca6d5d92cfcd11c4d6f8b8bc1feb49b	source_crosswalk	source_assembly:241	cynk_meyer_table1:241
source_reported_or_computational	YES	arrangement_label	matched_repo_local	universe_relationship:37c03b626a98bf59f649918c6514ef58bb79b748a573a9287eb31713c9ffd1fc	derived_from_source_presentation	source_assembly:241	ckc:241
source_reported_or_computational	YES	arrangement_label	matched_repo_local	universe_relationship:69ad4ddf17d7d478d1423c0f372c7fa13ad34be3a688615afca2c5026c12205c	source_crosswalk	source_assembly:245	cynk_meyer_table1:245
source_reported_or_computational	YES	arrangement_label	matched_repo_local	universe_relationship:2391be21d29781d7ac967e12bca87fe5add652bb924f503ddd2f1ae5d45481cd	derived_from_source_presentation	source_assembly:245	ckc:245
source_reported_or_computational	YES	artifact_inventory	matched_repo_local	universe_relationship:c65195bf30b2d3d4a2ab9c9dd71c61d8ca5287c053927d36887298938c57ef9b	has_node_conifold_artifact	ckc:84	node_artifact:node_link:e493f128025d5ae08875e73f51239987de25048cd5cbb99f4ffb341c5dcf38ea
source_reported_or_computational	YES	artifact_inventory	matched_repo_local	universe_relationship:ab2b3536960ac5f811687a044c21c653a96de455a234c5bee97806224bd626ae	has_node_conifold_artifact	ckc:84	node_artifact:node_link:9bbf82a039bacb23440ebcd6d80842c6108bf9ead1b30edebc8eb38a8c5fc2ea
source_reported_or_computational	YES	artifact_inventory	matched_repo_local	universe_relationship:2e7d566590e1bd167ae1da13ff9c0a69d060bcf66d2491edde56449c487d9596	has_node_conifold_artifact	ckc:84a	node_artifact:node_link:7452072c9bc8684d4e4322f96126b81604fe50e3f7cbb4fd906a14f9f1c0f6d3
source_reported_or_computational	YES	artifact_inventory	matched_repo_local	universe_relationship:e7dedab0344309cae010f1eb10fa2174655aafc172f4442fec9186a7597c15aa	has_node_conifold_artifact	ckc:84	node_artifact:node_link:8a8e2ca228896f743853ea553352cd61a9001886ab47472076b4775149ca1337
source_reported_or_computational	YES	artifact_inventory	matched_repo_local	universe_relationship:78a4c4380aa10ccf8c23021b5133434428a722945581490eb9162855044cc646	has_node_conifold_artifact	ckc:84	node_artifact:node_link:a9ca161047805c57038360e7d5d03b339d27e9e085ed3b5c25e9bae97813d292
source_reported_or_computational	YES	artifact_inventory	matched_repo_local	universe_relationship:8fe45e543f5a889b4b03fe5b5f243b060e738e5fddf5217d4001cfc70c0aefed	has_node_conifold_artifact	ckc:84	node_artifact:node_link:0b3a42a0f2c44358bbfc6c3a360e4a1d83cc210a6998da117f9d81c05608af35
source_reported_or_computational	YES	artifact_inventory	matched_repo_local	universe_relationship:464d7f7654e968bb5595a3aaa026e498f7d6f071f54a1d8bccf3cebba853f108	has_node_conifold_artifact	ckc:84a	node_artifact:node_link:7819eeace5c531a11eef2672eb2716f5d414d35ad863a1098fdac8bc85049ecc
source_reported_or_computational	YES	artifact_inventory	matched_repo_local	universe_relationship:d61438276eb2123bd5c3f68b532f91c9fa54e1332d2d7acc10b6f4cd51ba20cc	has_node_conifold_artifact	ckc:84	node_artifact:node_link:077aa2db78ffbffd3c6971898d02c18c588cf66a9a0a86a4c6872ba959c6a041
source_reported_or_computational	YES	artifact_inventory	matched_repo_local	universe_relationship:c8218a7b635246ef7598bea40b529a0e2f4479f8183f76ba36e4a1495ab6411f	has_node_conifold_artifact	ckc:84a	node_artifact:node_link:bad865331a868aa53396b82527a61ccbf3580c2d72b11f2ae1bf2cbbefa638d9
source_reported_or_computational	YES	artifact_inventory	matched_repo_local	universe_relationship:c0126213c51a2936bb095ee0485a65b3ff9b9bc25a0c1dac9e1e5250e5877a8d	has_node_conifold_artifact	ckc:84	node_artifact:node_link:6a624b8600600b1cf610a22a9c206ebe8752630446a510f320fc7a89514eab64
source_reported_or_computational	YES	artifact_inventory	matched_repo_local	universe_relationship:97232a08f2989a1f4566adf1985fdcac6223f215a1461caa703d3b5307e44078	has_node_conifold_artifact	ckc:84a	node_artifact:node_link:9cda7941c24f2b2fd2ab4e930546774892ddcf8c694a04a569c524a70e1d7e42
source_reported_or_computational	YES	artifact_inventory	matched_repo_local	universe_relationship:07d5ba35ec28be0228ff3ba6ed40378288d90909b43c0ba78b8cebd78baa1b93	has_node_conifold_artifact	ckc:84	node_artifact:node_link:45703dcaef9be6238e59a96550b12fe54ec0394d28f23c619aae0139acc9e39a
source_reported_or_computational	YES	artifact_inventory	matched_repo_local	universe_relationship:5651a60c0640b8b99dc87e7ddaa8ff0a8e6bfc7f9851f026cddcc5018cb4c998	has_node_conifold_artifact	ckc:84	node_artifact:node_link:a6c9e502619f76606542e0bbbedc490b5247336c1b5c38b9ef360fe34eb786d0
source_reported_or_computational	YES	artifact_inventory	matched_repo_local	universe_relationship:c1ae713ce1febdea4892253b7c324f0d7d9c962f0a5762fae777c0d732474b31	has_node_conifold_artifact	ckc:84a	node_artifact:node_link:289ea438a9e364ffb03933ddd9fe50d2dd338fd005c52d90ac6b01aba633791e
source_reported_or_computational	YES	artifact_inventory	matched_repo_local	universe_relationship:8ee5c8362e556f366f60ffca33db7a0ab1bc73982d6a0ebbd43e3be1814e9636	has_node_conifold_artifact	ckc:84	node_artifact:node_link:b0de3efa4e1c59719bdd39f2801563b2b93259d01a893a5b6c15138b69fefdaf
source_reported_or_computational	YES	artifact_inventory	matched_repo_local	universe_relationship:a515c385511be54b8c1e5bb378765527782a6b494e75afe306fdec23d9c2009d	has_node_conifold_artifact	ckc:84a	node_artifact:node_link:61a8bd80959c9494b4cedabb18aa895ea6d4fcfea9d21d290fb2e650d172de31
source_reported_or_computational	YES	artifact_inventory	matched_repo_local	universe_relationship:cc80422ad27aefd3c7f3f7febc09ce3107cba2b17e5491280bfbfac88b8ea125	has_node_conifold_artifact	ckc:84a	node_artifact:node_link:e58cbd3e7c489e1c82397ca76bd578c19245c6a8862e317633397cf6d82c2b22
source_reported_or_computational	YES	artifact_inventory	matched_repo_local	universe_relationship:ab2b3536960ac5f811687a044c21c653a96de455a234c5bee97806224bd626ae	has_node_conifold_artifact	ckc:84	node_artifact:node_link:9bbf82a039bacb23440ebcd6d80842c6108bf9ead1b30edebc8eb38a8c5fc2ea
source_reported_or_computational	YES	artifact_inventory	matched_repo_local	universe_relationship:2e7d566590e1bd167ae1da13ff9c0a69d060bcf66d2491edde56449c487d9596	has_node_conifold_artifact	ckc:84a	node_artifact:node_link:7452072c9bc8684d4e4322f96126b81604fe50e3f7cbb4fd906a14f9f1c0f6d3
source_reported_or_computational	YES	artifact_inventory	matched_repo_local	universe_relationship:d04aa7b0b695c9f927c2985cc7ba7b923c37d3d54d7290c8e70183325d7beaea	has_node_conifold_artifact	ckc:84a	node_artifact:node_link:31e223ad5fb87dcc138231bb80870a262b8929c0ed8afe7008bc16d0f36b97f4
source_reported_or_computational	YES	artifact_inventory	matched_repo_local	universe_relationship:b42a9083092a1893dc3e4cff8b775f0d7181f0c5d4de1c16f3d9c1207829f3e9	has_node_conifold_artifact	ckc:84a	node_artifact:node_link:c9a776a796f2f51942ae0b89e8b039181c5fba2de736b071c536f84fb73c0680
source_reported_or_computational	YES	artifact_inventory	matched_repo_local	universe_relationship:8fe45e543f5a889b4b03fe5b5f243b060e738e5fddf5217d4001cfc70c0aefed	has_node_conifold_artifact	ckc:84	node_artifact:node_link:0b3a42a0f2c44358bbfc6c3a360e4a1d83cc210a6998da117f9d81c05608af35
source_reported_or_computational	YES	artifact_inventory	matched_repo_local	universe_relationship:464d7f7654e968bb5595a3aaa026e498f7d6f071f54a1d8bccf3cebba853f108	has_node_conifold_artifact	ckc:84a	node_artifact:node_link:7819eeace5c531a11eef2672eb2716f5d414d35ad863a1098fdac8bc85049ecc
source_reported_or_computational	YES	artifact_inventory	matched_repo_local	universe_relationship:d61438276eb2123bd5c3f68b532f91c9fa54e1332d2d7acc10b6f4cd51ba20cc	has_node_conifold_artifact	ckc:84	node_artifact:node_link:077aa2db78ffbffd3c6971898d02c18c588cf66a9a0a86a4c6872ba959c6a041
source_reported_or_computational	YES	artifact_inventory	matched_repo_local	universe_relationship:c8218a7b635246ef7598bea40b529a0e2f4479f8183f76ba36e4a1495ab6411f	has_node_conifold_artifact	ckc:84a	node_artifact:node_link:bad865331a868aa53396b82527a61ccbf3580c2d72b11f2ae1bf2cbbefa638d9
source_reported_or_computational	YES	artifact_inventory	matched_repo_local	universe_relationship:c0126213c51a2936bb095ee0485a65b3ff9b9bc25a0c1dac9e1e5250e5877a8d	has_node_conifold_artifact	ckc:84	node_artifact:node_link:6a624b8600600b1cf610a22a9c206ebe8752630446a510f320fc7a89514eab64
source_reported_or_computational	YES	artifact_inventory	matched_repo_local	universe_relationship:97232a08f2989a1f4566adf1985fdcac6223f215a1461caa703d3b5307e44078	has_node_conifold_artifact	ckc:84a	node_artifact:node_link:9cda7941c24f2b2fd2ab4e930546774892ddcf8c694a04a569c524a70e1d7e42
source_reported_or_computational	YES	artifact_inventory	matched_repo_local	universe_relationship:c2cf1aa0e79296052a763eccb2cc930042d81d54574e048fa9f84c09f4ae0a4e	has_node_conifold_artifact	ckc:84a	node_artifact:node_link:00ffd8ace9b73ad7557879a6d10023a8061de4f9249a2cac11655c09f8c0ac8a
source_reported_or_computational	YES	artifact_inventory	matched_repo_local	universe_relationship:5651a60c0640b8b99dc87e7ddaa8ff0a8e6bfc7f9851f026cddcc5018cb4c998	has_node_conifold_artifact	ckc:84	node_artifact:node_link:a6c9e502619f76606542e0bbbedc490b5247336c1b5c38b9ef360fe34eb786d0
source_reported_or_computational	YES	artifact_inventory	matched_repo_local	universe_relationship:c1ae713ce1febdea4892253b7c324f0d7d9c962f0a5762fae777c0d732474b31	has_node_conifold_artifact	ckc:84a	node_artifact:node_link:289ea438a9e364ffb03933ddd9fe50d2dd338fd005c52d90ac6b01aba633791e
source_reported_or_computational	YES	artifact_inventory	matched_repo_local	universe_relationship:8ee5c8362e556f366f60ffca33db7a0ab1bc73982d6a0ebbd43e3be1814e9636	has_node_conifold_artifact	ckc:84	node_artifact:node_link:b0de3efa4e1c59719bdd39f2801563b2b93259d01a893a5b6c15138b69fefdaf
source_reported_or_computational	YES	artifact_inventory	matched_repo_local	universe_relationship:a515c385511be54b8c1e5bb378765527782a6b494e75afe306fdec23d9c2009d	has_node_conifold_artifact	ckc:84a	node_artifact:node_link:61a8bd80959c9494b4cedabb18aa895ea6d4fcfea9d21d290fb2e650d172de31
source_reported_or_computational	YES	source_label_or_role	matched_repo_local	universe_relationship:f0ba65e92c61f1a7b25334acb935eefeb292055695ce58ba919e692b0ea3747a	has_operator_fibration_arithmetic_enrichment	ckc:1	operator_link:operator_arithmetic:4dec0e813edc5c84fdc7cb8e560d8b8ad008ce6249aba173b872c2c794c57bad
source_reported_or_computational	YES	source_label_or_role	matched_repo_local	universe_relationship:d83e91275c3ed5791e6645ce5768f90b0086bf64b0d503d82dcfd680e11aeb7d	has_operator_fibration_arithmetic_enrichment	ckc:2	operator_link:operator_arithmetic:9d4c31611f735708949ca18e5431ca6a0741b1785dc86fbdb39bff000b2d597a
source_reported_or_computational	YES	source_label_or_role	matched_repo_local	universe_relationship:4846234e267fe20e332e9fd48979fee594ac4995174fcfaa5bcce7157fe32b1e	has_operator_fibration_arithmetic_enrichment	ckc:5	operator_link:operator_arithmetic:38bd7d3323beebcf7c6a87ab7e961acdf6948e9f63d5247c3c061a02fc167a55
source_reported_or_computational	YES	source_label_or_role	matched_repo_local	universe_relationship:fd92b9549e4fe2621690ac81a29bade7cd7306dca5ed4630fae7cc2cd2873d99	has_operator_fibration_arithmetic_enrichment	ckc:6	operator_link:operator_arithmetic:2817a27830e7aa64a79c967a45f5e557737cba9eb59ac9fd6ccc5d15293ea7a7
source_reported_or_computational	YES	source_label_or_role	matched_repo_local	universe_relationship:413797213b8eb4006c38e7a5d5412c8204560080716e994afcf850d02a21f099	has_operator_fibration_arithmetic_enrichment	ckc:10	operator_link:operator_arithmetic:875e150a1c3e9449bfbebbe21847a7b957ea89dda8faee0a5a519f7489a17141
source_reported_or_computational	YES	source_label_or_role	matched_repo_local	universe_relationship:3e2c30fa3eaebab0d8b72c2954337640a62f6b3a8679fdd0c27bd9969bf3e4c5	has_operator_fibration_arithmetic_enrichment	ckc:11	operator_link:operator_arithmetic:0fa615a9ab0162c3929b27100b0a40e54c240b54915925ac6c16b1c05886c315
source_reported_or_computational	YES	source_label_or_role	matched_repo_local	universe_relationship:7ed8750c5fdcc3aafdba24c19dd751854989abb428692cab15e7bd0c89bd6f4f	has_operator_fibration_arithmetic_enrichment	ckc:14	operator_link:operator_arithmetic:879bdc3a1b37f69124ee2bc6a09b230bb2a5f1900debfc8b8092a547cf445e94
source_reported_or_computational	YES	source_label_or_role	matched_repo_local	universe_relationship:de9e9d7a14fa9260d28a7eb0b2ef98add46081247a6a92e271740297fe9a147e	has_operator_fibration_arithmetic_enrichment	ckc:18	operator_link:operator_arithmetic:d5e4199b36ff27385165e8d9bc623466dce289d63d03c19af285f3c868f5c238
source_reported_or_computational	YES	source_label_or_role	matched_repo_local	universe_relationship:8386fe42df372711960615242a508584d1584519bf6e14a3c5968cb6077061b8	has_operator_fibration_arithmetic_enrichment	ckc:22	operator_link:operator_arithmetic:b7503ce97228579db430fa877378fd91b5c9bd39f138cd2436424790c518a063
source_reported_or_computational	YES	source_label_or_role	matched_repo_local	universe_relationship:460db1e667163c842fc852302174055600f1cb54c28808bc225ce1df084b6de1	has_operator_fibration_arithmetic_enrichment	ckc:23	operator_link:operator_arithmetic:65ea864ffe3172a04d716d48c1c19c129dfd6bc34276db1e1f71b30e00a45d38
source_reported_or_computational	YES	source_label_or_role	matched_repo_local	universe_relationship:ab4481c42c5f795b5f162beaf2d3eae46bbd64f5ade0d01deae21454aaa679aa	has_operator_fibration_arithmetic_enrichment	ckc:28	operator_link:operator_arithmetic:dcce977005ca1cfc28046696e27408c25033d08f2fe2981b54aa79d21035c7d7
source_reported_or_computational	YES	source_label_or_role	matched_repo_local	universe_relationship:bb9e4fb89f2d96ba213b45c6fb09d957e2068676c42b5302cf80498fc3bd06e0	has_operator_fibration_arithmetic_enrichment	ckc:31	operator_link:operator_arithmetic:8ec024046fa13017ec957f7f51ef656186012b861779c790932cc0189e615817
source_reported_or_computational	YES	source_label_or_role	matched_repo_local	universe_relationship:5605cecdabbb8c4a6f0b8a45f3ed800018fa36be50a068299e4aea65771702e3	has_operator_fibration_arithmetic_enrichment	ckc:42	operator_link:operator_arithmetic:f6230169f445a4179eb723b6b88e3d34788db3d7394bff46159f35c9b22eb8be
source_reported_or_computational	YES	source_label_or_role	matched_repo_local	universe_relationship:1bc438e042cdc71876bc7fca31a1ec84b3f5211e458f5bb02a8ecd491394aa74	has_operator_fibration_arithmetic_enrichment	ckc:43	operator_link:operator_arithmetic:3a015d033b5db38bfbf513b9c288d855ee6ea2f7a18848a4200ef36bd948349a
source_reported_or_computational	YES	source_label_or_role	matched_repo_local	universe_relationship:2c2659e4983e36ca8bc99c02b0dfc22c6c0cb554834e23662a234cc830ef0b2a	has_operator_fibration_arithmetic_enrichment	ckc:54	operator_link:operator_arithmetic:6ed5e58835afb013b0ba841539a2622f0c5b1c0598793f134b1da6d7c76995b4
source_reported_or_computational	YES	source_label_or_role	matched_repo_local	universe_relationship:d2bc90198ba5da68ec4e85458db7791c54df68beb28659e5c45a5292db1d5b32	has_operator_fibration_arithmetic_enrichment	ckc:60	operator_link:operator_arithmetic:df91914dadababfd34ead48fe4289091078e280ae2b20160754bbcb2b1fd0040
source_reported_or_computational	YES	source_label_or_role	matched_repo_local	universe_relationship:c993af78c554dcc8327ff13bfb3707f13c6f480e4fec3712170c6de7ef496976	has_operator_fibration_arithmetic_enrichment	ckc:61	operator_link:operator_arithmetic:27af0fafcb8c0d65bfa5a46c5825da3acd0d8ce197083b0cc519508a5ff2c887
source_reported_or_computational	YES	source_label_or_role	matched_repo_local	universe_relationship:9c88adfe51265f5b0688e4fa3b47402b5ca5afee0ea2c1f5f9224a2db63106a9	has_operator_fibration_arithmetic_enrichment	ckc:82	operator_link:operator_arithmetic:d5608ba299d4948e743f3db658194981b9eae40ba220c804f6a9f53547cad05b
source_reported_or_computational	YES	source_label_or_role	matched_repo_local	universe_relationship:4dbf561e6f07149e485b97d847996319ade26357a8bef86117aa901254464798	has_operator_fibration_arithmetic_enrichment	ckc:84	operator_link:operator_arithmetic:7374c5146aed60ac7c5c4c9a4fce09586fa55e0ea7283ddef267715314b0ec2d
source_reported_or_computational	YES	source_label_or_role	matched_repo_local	universe_relationship:de5cc107c45a9e82942128ca7501b070e58d5cbebe414b7fd39bacca60ac9a61	has_operator_fibration_arithmetic_enrichment	ckc:84a	operator_link:operator_arithmetic:db52a8e78f6545169132f3ec48003d3bbdfabf322664c73a6e7f48fc64795ecf
source_reported_or_computational	YES	source_label_or_role	matched_repo_local	universe_relationship:af016baa8d7c95eaeff96132f1c5a1bb043d4d26300ccd85de5edd6432e43d05	has_operator_fibration_arithmetic_enrichment	ckc:85	operator_link:operator_arithmetic:182c93a12890ce2abb315a06bd8cc416d790dd2d27e3dd89484e3bc4a60a8331
source_reported_or_computational	YES	source_label_or_role	matched_repo_local	universe_relationship:345490bfd14d7b9886520ec206b840ae70f3d2855110e6d3c5f28dbfba8a2b7d	has_operator_fibration_arithmetic_enrichment	ckc:1	operator_link:family_operator_candidate:854daed46a9c6cd616d795775a8e2723322132f6e18c69a5782ca3a1ffc81615
source_reported_or_computational	YES	source_label_or_role	matched_repo_local	universe_relationship:dcf97b6ac507a6fee6365f5d2a01cd430ce1345e308ef67037f826b9f5cf397f	has_operator_fibration_arithmetic_enrichment	ckc:5	operator_link:family_operator_candidate:443edc9d8f61a7baff202ccfc343d5058f05a5ea19e57a5ce12e0b9a997d00b0
source_reported_or_computational	YES	source_label_or_role	matched_repo_local	universe_relationship:d48177b77c7a58880d5840a92da737f280d914d7c5faf9cd90015ab761912950	has_operator_fibration_arithmetic_enrichment	ckc:14	operator_link:family_operator_candidate:3d23f5588fbca62715b6311596b7ddba06afcb9ae8a28039556173d0367d0ed8
unresolved	YES	environment_metadata	not_loaded	relationship_unavailable:f49a3fe48c065aae65909ee43a721b062e1cf9aeb10a3af861e30873e17e7cb0	requires_production_root_inspection	current_corpus_relationships	production_data_root
unresolved	YES	environment_metadata	not_loaded	relationship_unavailable:8699b2cc410edba0f17166aada2c73fb81b6d48037096efec7108850a813fa80	requires_production_root_inspection	wave2_source_relationships	production_data_root
unresolved	YES	environment_metadata	not_loaded	relationship_unavailable:094f0efd8cce183a57ef645a1ba1c1ae55a97bb89052c745383f4e6ce6b7323f	requires_production_root_inspection	wave3_source_relationships	production_data_root
unresolved	YES	environment_metadata	not_loaded	relationship_unavailable:b87447574a401df544a08392314908e7e6af648d30ded21a24d3964e25898df9	requires_production_root_inspection	wave4_source_relationships	production_data_root
